id_img,label
10052,angry
10065,fear
10079,happy
10095,fear
10121,neutral
10148,neutral
10163,neutral
10215,angry
1024,angry
10286,happy
10315,happy
10336,angry
10338,neutral
10371,fear
10382,neutral
10399,sad
10415,happy
10426,fear
10551,fear
10554,angry
10583,angry
10699,neutral
10702,angry
1071,fear
10743,happy
10746,neutral
10818,angry
10823,neutral
10825,neutral
10839,angry
10854,neutral
10970,neutral
11002,happy
11017,neutral
11024,angry
11028,happy
1106,neutral
11075,happy
11093,happy
11096,neutral
11158,fear
11169,fear
11186,fear
11188,angry
11200,neutral
1124,neutral
11266,sad
1127,happy
11337,happy
11342,happy
11400,angry
11421,happy
11467,neutral
11561,neutral
11610,fear
11613,angry
11632,neutral
11642,neutral
11675,angry
11694,happy
1177,happy
11813,neutral
11841,angry
11849,angry
11883,fear
11949,neutral
11964,fear
11986,neutral
12136,neutral
12144,happy
1215,fear
12171,angry
12183,angry
12230,neutral
12237,happy
12307,angry
1235,fear
12352,neutral
12489,happy
12680,fear
12695,happy
12733,happy
12808,sad
12810,neutral
12841,angry
12842,neutral
12851,neutral
12928,happy
12945,neutral
13029,neutral
13041,happy
13057,neutral
13059,angry
13092,neutral
13118,neutral
13167,happy
13220,angry
13267,neutral
13279,angry
13334,angry
13351,neutral
13376,sad
13395,fear
1340,fear
13431,happy
1350,happy
13514,happy
13533,fear
13535,fear
1358,neutral
13582,neutral
13599,neutral
13607,happy
13671,neutral
13672,angry
13738,neutral
13758,neutral
1386,happy
13890,fear
13978,angry
14022,angry
14030,happy
14058,happy
14108,fear
14118,angry
14120,angry
14148,neutral
14185,neutral
14206,neutral
1422,fear
14243,happy
14315,neutral
14329,neutral
14357,happy
14376,fear
1438,angry
14381,sad
14421,happy
14438,neutral
14498,happy
14557,neutral
1460,happy
14706,neutral
1477,neutral
14775,fear
14821,angry
14831,angry
14870,neutral
14945,sad
15074,neutral
1508,angry
15138,neutral
15172,fear
15190,angry
15194,neutral
15217,angry
15222,neutral
15295,angry
15474,fear
15500,neutral
15502,fear
1555,happy
15562,happy
15637,neutral
15644,neutral
15654,fear
15699,neutral
157,fear
15709,happy
15712,happy
15715,angry
15725,happy
1575,happy
15771,sad
1582,fear
15820,angry
15821,neutral
15835,happy
1584,neutral
15848,happy
15897,angry
15919,angry
15941,happy
15954,fear
15979,happy
16033,fear
16102,angry
16169,neutral
16222,happy
16233,neutral
16287,happy
16292,neutral
16380,happy
16406,angry
16410,neutral
16413,angry
16428,angry
16506,neutral
16510,angry
16557,angry
16565,fear
16643,happy
16659,neutral
16681,happy
16711,neutral
1672,happy
16764,sad
16768,neutral
16783,angry
16792,angry
16875,happy
16999,angry
17024,happy
17053,happy
17085,neutral
17099,angry
17167,fear
1717,neutral
17170,fear
17186,fear
17209,fear
17211,neutral
17228,neutral
17259,angry
17316,neutral
17344,neutral
1736,neutral
17371,happy
17413,fear
17428,neutral
17445,angry
17452,happy
17502,fear
17536,neutral
17647,neutral
17700,neutral
17705,happy
17731,neutral
17735,neutral
17736,fear
17752,neutral
17787,angry
17910,neutral
17939,neutral
18001,happy
18050,neutral
18140,happy
18142,fear
18161,neutral
18166,neutral
18183,sad
18200,fear
18247,neutral
1825,happy
18254,happy
18284,happy
18376,angry
18380,angry
1841,happy
18415,neutral
18445,neutral
18459,neutral
18466,angry
18492,happy
18534,neutral
18565,neutral
18566,happy
18588,neutral
18593,happy
18602,angry
18617,angry
18633,happy
18695,angry
18715,happy
18779,fear
1880,neutral
18810,neutral
18837,angry
18882,angry
18903,neutral
18949,fear
18983,neutral
1899,neutral
18994,neutral
19014,happy
19060,fear
19067,neutral
1908,neutral
19093,fear
19108,neutral
19114,angry
19115,happy
19140,fear
19152,happy
19268,fear
19292,sad
19309,happy
19392,neutral
19476,neutral
19477,sad
19485,happy
1966,happy
19664,angry
19732,sad
19811,happy
1983,angry
19832,happy
19877,angry
19906,angry
19923,neutral
1994,happy
19950,fear
19961,neutral
2006,neutral
20222,neutral
20227,angry
20287,neutral
20290,fear
20298,sad
20303,neutral
20312,angry
20328,happy
20353,angry
20374,happy
20451,neutral
2050,happy
20505,angry
20532,fear
2055,happy
20629,neutral
20630,sad
20635,angry
20640,happy
20653,happy
20673,neutral
20686,fear
20736,sad
20739,fear
20796,happy
20817,happy
20849,happy
21068,neutral
21099,angry
21111,happy
21131,angry
21135,fear
21161,happy
2117,angry
21173,neutral
21284,angry
21371,neutral
21374,happy
2142,happy
21447,happy
21472,neutral
21511,angry
21512,fear
21520,happy
21541,neutral
21573,angry
21670,fear
21703,neutral
21723,happy
21782,happy
21836,happy
21865,fear
21916,neutral
21921,happy
21922,neutral
2194,happy
22089,neutral
22183,neutral
22184,angry
22198,angry
2225,neutral
22309,happy
22334,angry
22375,neutral
22516,angry
22695,happy
22733,happy
22739,happy
22789,happy
22807,fear
22810,angry
22832,fear
2290,happy
22990,neutral
23,happy
23008,happy
23041,angry
23059,happy
23085,neutral
23164,neutral
23194,happy
23215,neutral
23230,angry
23246,happy
23327,neutral
23404,happy
23468,neutral
23473,happy
23488,sad
23521,sad
23532,angry
23749,happy
23780,neutral
23783,happy
23814,happy
23847,angry
23886,angry
24067,fear
2407,angry
24071,neutral
24176,happy
24184,angry
24252,neutral
24378,neutral
24412,happy
24428,angry
24435,neutral
24437,angry
24441,happy
24466,neutral
24490,happy
245,angry
24501,happy
24542,neutral
24660,happy
24678,neutral
24711,happy
24789,neutral
24797,happy
24819,angry
24821,neutral
2484,neutral
2486,angry
2487,angry
24886,neutral
249,happy
24959,neutral
24967,angry
2498,angry
24992,happy
25082,neutral
25088,happy
251,happy
25101,neutral
2511,angry
25131,angry
25144,angry
25209,angry
25255,angry
25343,angry
25360,neutral
25435,happy
25528,neutral
25542,happy
2557,neutral
2558,neutral
25612,sad
25681,fear
25688,angry
25778,happy
25795,angry
2581,neutral
25811,happy
25813,fear
25844,neutral
25874,happy
25876,angry
25886,neutral
25891,angry
259,neutral
25944,neutral
25973,angry
26025,angry
26038,happy
26059,neutral
26121,fear
26124,neutral
26137,happy
26163,happy
26175,neutral
26177,happy
26181,angry
26185,happy
26248,happy
26264,happy
26267,fear
26337,angry
26344,neutral
26437,happy
26446,neutral
26462,happy
26572,fear
26597,angry
26618,happy
26620,fear
2668,angry
26725,happy
26789,happy
26845,happy
26860,neutral
26886,happy
26899,fear
26900,angry
26919,fear
26928,happy
26956,sad
27016,fear
27022,neutral
27054,sad
2709,happy
2712,neutral
27284,angry
27296,happy
27385,fear
27413,fear
27464,happy
27483,fear
27544,neutral
2762,neutral
27652,neutral
2770,happy
27704,fear
27715,neutral
27726,neutral
27744,angry
27770,happy
27777,neutral
27798,neutral
27828,happy
2791,fear
27967,fear
27982,angry
28015,neutral
28058,fear
28062,neutral
28120,happy
28144,angry
28148,happy
28149,happy
28207,fear
28248,happy
28288,fear
28300,happy
28401,happy
28438,happy
28498,angry
28509,neutral
28543,neutral
28547,neutral
28560,happy
28585,neutral
28614,happy
28618,happy
28620,angry
28660,angry
28707,angry
28720,happy
28731,neutral
28737,angry
28743,neutral
28749,sad
28800,happy
28840,sad
28867,angry
28884,fear
2890,happy
28932,neutral
28952,neutral
29085,neutral
29119,neutral
29132,angry
29202,fear
29266,happy
29319,fear
2933,angry
29414,fear
29471,fear
29477,fear
29493,fear
29523,happy
29527,angry
29554,happy
29571,happy
29581,happy
29588,angry
29614,angry
29669,fear
29685,angry
29730,neutral
298,neutral
29818,neutral
29866,neutral
29929,angry
29931,neutral
29947,happy
29977,neutral
29980,happy
30002,happy
30004,neutral
30015,happy
30024,happy
30058,happy
30059,happy
30082,neutral
30085,happy
30171,neutral
3021,neutral
30260,neutral
30273,happy
30290,happy
30305,happy
30320,neutral
30325,angry
30394,fear
30415,neutral
30420,neutral
30456,happy
30458,happy
30460,fear
30490,angry
30509,neutral
30535,angry
30563,angry
30584,angry
30619,fear
30901,neutral
30933,neutral
30944,angry
3099,angry
31033,neutral
31042,fear
31081,happy
31083,fear
31138,neutral
31142,angry
31203,neutral
3121,angry
3137,fear
31491,happy
31529,angry
31544,neutral
31609,angry
31635,fear
31693,neutral
31703,neutral
3176,happy
31849,fear
3186,happy
31873,sad
3188,angry
31928,happy
32023,angry
32024,fear
32153,neutral
32161,sad
32223,fear
32231,fear
3226,neutral
32278,angry
32281,angry
32298,happy
32336,happy
32352,angry
32367,sad
32454,neutral
32464,happy
32473,fear
3248,fear
32481,fear
32506,neutral
32512,neutral
32575,neutral
32584,neutral
32617,happy
32662,neutral
32755,angry
32777,neutral
33015,happy
3303,happy
33105,sad
33131,happy
33221,angry
3327,neutral
33301,angry
33308,neutral
3334,happy
33352,neutral
33444,neutral
33450,neutral
33459,fear
33494,neutral
33560,fear
33573,happy
33633,neutral
33666,angry
3370,happy
33729,fear
3377,fear
338,neutral
33809,neutral
33829,angry
33890,neutral
33924,neutral
33926,angry
3393,angry
33935,neutral
33977,fear
33987,happy
33998,neutral
34036,neutral
34040,neutral
3412,happy
34138,happy
34151,sad
34175,neutral
34178,neutral
34184,neutral
34238,sad
34259,happy
34352,happy
34359,fear
34363,angry
34448,fear
34474,fear
3449,neutral
34507,fear
34581,neutral
34592,neutral
34596,neutral
34620,neutral
3467,happy
34714,neutral
34778,sad
34879,angry
35009,angry
35010,happy
35028,happy
35041,neutral
35059,happy
35145,fear
35149,fear
35162,angry
35210,fear
3522,happy
35261,sad
35298,happy
35407,neutral
35425,sad
35439,neutral
35447,happy
35514,fear
3558,angry
3564,neutral
35669,happy
35681,fear
35682,happy
35731,angry
35753,sad
35805,fear
35809,fear
35820,neutral
35828,angry
35881,happy
35884,neutral
3599,fear
3632,neutral
377,neutral
38,angry
3802,happy
3819,neutral
3839,fear
3862,angry
3870,happy
3913,fear
4015,angry
404,fear
4060,happy
4077,happy
4100,angry
4196,fear
4229,neutral
4306,neutral
4317,fear
4324,neutral
4349,happy
4384,happy
4396,fear
4397,happy
4459,happy
4468,angry
4502,neutral
4579,happy
4616,happy
4637,fear
4660,neutral
4665,happy
4670,neutral
4700,fear
4751,angry
4807,neutral
4878,happy
4937,angry
5010,happy
5060,neutral
5064,angry
521,angry
5220,happy
5233,fear
5244,angry
5259,angry
5312,happy
5317,happy
5400,neutral
5422,happy
5432,neutral
5434,happy
5459,fear
5519,happy
5564,neutral
5570,neutral
5582,fear
5607,neutral
5610,neutral
5637,happy
5732,happy
5739,happy
5780,happy
5810,happy
5822,happy
5859,fear
5883,happy
5888,angry
589,neutral
5902,happy
5962,neutral
6009,happy
6017,happy
6075,angry
608,fear
6088,happy
6119,neutral
6129,happy
6155,happy
6225,happy
6232,happy
624,neutral
6274,neutral
6278,angry
6283,happy
6321,neutral
633,neutral
6347,fear
6364,happy
6365,sad
6375,fear
6390,happy
6420,angry
6426,angry
6471,neutral
6484,neutral
65,happy
654,angry
6547,fear
6555,fear
6561,neutral
6566,angry
6580,neutral
6581,angry
6584,neutral
6618,neutral
6621,happy
665,neutral
6652,angry
6726,happy
6739,neutral
6745,neutral
676,angry
6766,neutral
6809,angry
6890,happy
6923,neutral
6955,happy
6965,neutral
7015,sad
7056,happy
7103,happy
7136,neutral
7174,happy
7219,happy
7257,neutral
7261,neutral
727,happy
7284,sad
7291,angry
7409,angry
7492,neutral
7550,happy
7559,happy
7589,happy
764,neutral
7655,fear
7668,happy
7729,neutral
7777,fear
7793,angry
7811,fear
7886,neutral
7919,happy
7937,happy
7979,neutral
8000,happy
8001,angry
8052,happy
8096,happy
8103,neutral
8130,sad
8151,neutral
816,happy
8267,happy
8275,angry
8299,happy
8402,angry
842,neutral
854,happy
8555,angry
8581,angry
8593,neutral
861,happy
8661,fear
8685,happy
8719,angry
8734,happy
8902,angry
8916,neutral
8969,angry
9012,neutral
9059,neutral
9100,fear
9156,angry
9266,neutral
9293,happy
9331,happy
9400,angry
9567,happy
9615,angry
966,neutral
9691,neutral
9698,fear
9715,sad
9748,fear
9785,neutral
9802,neutral
9811,sad
9862,angry
9884,neutral
9931,happy
10053,angry
10435,neutral
10532,neutral
1115,fear
11222,fear
11529,neutral
11639,happy
12417,happy
12753,angry
13372,neutral
13597,happy
13652,neutral
13847,neutral
14041,fear
14869,neutral
14954,angry
14958,neutral
15110,happy
16021,angry
16054,sad
16121,happy
16264,fear
16718,neutral
17260,neutral
18077,happy
1843,fear
18464,angry
18716,happy
19649,neutral
19734,happy
19770,fear
19801,fear
19831,happy
20761,neutral
21744,happy
21765,neutral
21851,neutral
22320,angry
2275,happy
23141,neutral
23153,neutral
23665,happy
23876,neutral
24578,happy
25267,angry
25538,fear
25541,neutral
26859,angry
2732,happy
2742,neutral
28332,disgust
28390,neutral
28710,neutral
28987,happy
29158,angry
29269,sad
30347,happy
30428,fear
30499,neutral
30601,happy
30719,angry
30761,angry
30907,happy
3101,fear
31232,neutral
31323,fear
31796,happy
31828,neutral
32487,neutral
32681,neutral
33209,fear
33284,neutral
33561,neutral
33670,happy
33995,neutral
34022,angry
34432,neutral
34505,neutral
34519,neutral
3521,happy
35376,neutral
35580,angry
3690,neutral
3778,fear
4002,sad
4004,neutral
4265,happy
4312,angry
4481,neutral
4737,neutral
5085,neutral
533,happy
573,neutral
6231,fear
6926,happy
7068,angry
7192,angry
7405,sad
7455,sad
7592,happy
7835,happy
807,neutral
8415,neutral
8585,disgust
8726,neutral
8893,neutral
8948,neutral
9043,angry
9297,happy
9460,neutral
9504,angry
10029,angry
10043,angry
10044,fear
1008,happy
10099,neutral
101,happy
10189,fear
10263,happy
10267,happy
10278,neutral
10292,fear
10355,angry
10409,happy
10437,angry
10443,happy
10445,fear
10458,angry
10489,neutral
10493,happy
10534,angry
1075,happy
10758,neutral
1079,angry
10797,neutral
10832,happy
10933,fear
10944,fear
10968,happy
10979,fear
11030,happy
11036,neutral
11039,happy
11054,angry
11057,happy
11104,sad
11112,neutral
11137,neutral
11143,angry
11146,neutral
1116,angry
1128,neutral
1133,happy
11353,angry
11360,neutral
1137,fear
11381,happy
11412,happy
11416,happy
11471,angry
11536,angry
1154,happy
11559,angry
11587,neutral
11653,neutral
11682,neutral
11687,happy
1169,fear
11704,happy
11706,angry
11727,happy
11729,happy
11747,happy
11754,happy
11774,neutral
11816,sad
11855,fear
11904,happy
1193,happy
11944,happy
11968,neutral
11999,neutral
12063,fear
12125,neutral
12255,neutral
12259,fear
12313,neutral
12334,neutral
12350,angry
12383,angry
12431,fear
12440,fear
12472,fear
12496,neutral
12527,neutral
12578,neutral
12592,happy
12634,angry
12674,happy
12676,happy
12698,fear
12712,fear
12737,neutral
12809,fear
12891,fear
12948,happy
12986,neutral
12988,neutral
13067,happy
13071,angry
131,angry
13114,sad
13121,happy
13152,angry
13179,happy
13233,neutral
1325,happy
13250,angry
13252,happy
13301,happy
13306,sad
13308,sad
13310,angry
13362,happy
13394,angry
13405,fear
1343,neutral
13482,fear
13486,angry
13518,happy
13549,sad
13561,fear
13585,angry
13587,neutral
13593,angry
13596,angry
13638,sad
13664,happy
1367,fear
13683,angry
13694,neutral
13798,sad
13855,neutral
1389,neutral
13899,happy
13913,angry
13921,angry
13928,neutral
13933,angry
13939,angry
13965,happy
13971,angry
1401,angry
14011,angry
14033,neutral
14037,sad
14044,neutral
14057,happy
14082,happy
1410,fear
14114,fear
14117,fear
14268,sad
1429,happy
14306,neutral
1441,angry
14444,happy
14452,angry
14509,fear
14529,angry
14551,neutral
14605,fear
14620,neutral
14637,neutral
1465,happy
14722,angry
1474,neutral
14744,happy
14747,angry
14786,angry
14789,angry
148,happy
1485,sad
14891,neutral
14987,happy
15001,angry
15012,fear
15040,angry
1506,happy
15088,neutral
15134,angry
15191,fear
15198,sad
15260,happy
15268,neutral
15279,neutral
15280,happy
1534,angry
15503,happy
15539,fear
15544,fear
15578,happy
15615,angry
15622,happy
15663,neutral
15668,happy
15678,angry
1576,angry
15778,fear
15859,happy
15870,happy
15881,angry
15921,happy
15950,happy
15984,happy
1599,fear
15999,angry
16039,happy
1606,happy
16071,angry
16113,happy
16134,neutral
16226,neutral
16277,neutral
16318,happy
16330,angry
16346,neutral
16374,happy
16395,happy
16429,angry
16440,fear
16450,fear
16486,happy
16489,fear
16501,angry
16503,fear
16523,fear
16539,happy
1654,neutral
16559,happy
1657,happy
1660,happy
16609,fear
16632,fear
16674,neutral
16775,angry
16788,happy
16802,angry
16811,angry
16830,neutral
16915,neutral
16930,happy
16954,fear
16977,happy
16990,angry
17105,sad
17107,happy
17114,fear
17180,neutral
17191,neutral
17213,happy
17217,neutral
1722,happy
17236,angry
1727,neutral
17314,happy
17334,fear
17369,happy
17449,angry
17479,fear
17503,angry
17550,happy
17558,fear
1756,angry
17587,happy
17631,happy
17668,angry
17685,neutral
17707,happy
17710,happy
17762,happy
17816,neutral
17831,neutral
17834,neutral
17901,sad
17930,happy
17932,happy
17934,sad
1796,happy
1799,happy
18006,fear
18010,neutral
18068,neutral
18073,angry
18104,fear
18106,neutral
18108,angry
18117,happy
18148,neutral
18203,neutral
18291,neutral
18299,angry
18309,angry
18317,neutral
18325,fear
18336,neutral
18364,angry
1838,fear
18404,sad
18513,sad
18517,fear
18523,happy
18527,angry
18542,angry
18569,fear
1857,neutral
18574,happy
18641,neutral
18713,fear
1873,angry
18753,neutral
18757,happy
18763,happy
18905,happy
18908,angry
18911,fear
18960,angry
18974,angry
18976,happy
18984,fear
19000,happy
19020,happy
19064,angry
19089,happy
19119,fear
19188,happy
19216,fear
19226,angry
19235,happy
19252,angry
1929,happy
19349,fear
1939,neutral
19454,angry
19473,happy
19497,happy
19559,neutral
19599,happy
19612,angry
19644,neutral
19682,happy
19740,happy
19754,neutral
19810,neutral
19841,neutral
1986,fear
19888,sad
19896,happy
19897,neutral
19995,angry
200,sad
20037,happy
20058,angry
20062,happy
20083,neutral
20135,happy
20194,sad
20214,neutral
20265,angry
20337,happy
20411,happy
20424,neutral
20450,neutral
20461,angry
2047,happy
20476,angry
20495,happy
20508,neutral
20526,happy
20579,neutral
20598,happy
20617,happy
20715,angry
20831,neutral
20843,happy
20851,angry
20897,fear
20970,neutral
2098,fear
21,neutral
21070,neutral
21101,neutral
21102,neutral
21227,angry
21230,angry
21250,fear
21269,neutral
21280,happy
21352,happy
21360,angry
21387,happy
21420,fear
21464,fear
21499,happy
21500,neutral
21556,happy
21559,neutral
21598,happy
21615,neutral
21654,neutral
21686,happy
21697,angry
2178,fear
21833,neutral
21858,angry
21877,happy
21946,fear
21967,neutral
22050,fear
22074,neutral
22102,neutral
22130,neutral
22166,sad
2226,happy
22326,neutral
22349,happy
224,neutral
22458,happy
22485,angry
22520,happy
22607,angry
22640,fear
22662,happy
22756,happy
22791,neutral
22827,happy
22839,fear
22840,neutral
22917,happy
22944,neutral
22988,happy
22997,neutral
23038,neutral
23083,neutral
23100,happy
23126,neutral
23142,happy
23184,angry
23192,happy
23209,neutral
23260,angry
23305,happy
23332,fear
23362,angry
23368,happy
23389,happy
23403,neutral
23427,happy
23447,angry
23463,neutral
23477,fear
23517,happy
23540,happy
23561,sad
23566,happy
2357,happy
23718,angry
23731,neutral
23767,angry
23778,happy
2378,happy
23791,fear
2391,neutral
24016,happy
24035,fear
24088,fear
24089,fear
24131,happy
2416,angry
24165,neutral
24185,neutral
24213,happy
24220,happy
2426,happy
24452,happy
24479,angry
24482,happy
24539,angry
24554,happy
24562,angry
24579,neutral
24621,angry
24625,neutral
24694,neutral
24721,fear
24753,neutral
24763,angry
24778,angry
24822,fear
24880,fear
24948,happy
24963,sad
24978,happy
24991,neutral
25045,sad
25046,fear
25061,angry
25074,neutral
25108,angry
25109,happy
25133,angry
25162,happy
25191,neutral
25202,neutral
25220,neutral
25242,fear
25247,neutral
25298,fear
25306,happy
25327,happy
25359,happy
25439,sad
25481,neutral
25496,fear
25555,neutral
25570,happy
25577,angry
25590,neutral
25605,angry
25621,fear
25638,neutral
25647,happy
25710,fear
258,happy
25820,angry
25914,happy
2592,fear
2593,fear
26082,happy
26091,fear
26097,happy
26131,angry
26210,fear
26250,neutral
26275,neutral
26283,angry
26363,happy
26377,happy
26385,happy
26394,neutral
264,neutral
26402,happy
26409,angry
2641,neutral
26454,angry
26469,happy
2651,neutral
2657,sad
26582,neutral
26726,angry
2681,fear
26842,neutral
26895,neutral
26916,fear
26927,happy
26973,happy
26980,happy
270,neutral
27006,neutral
27077,sad
27094,fear
27098,angry
27103,happy
27145,happy
27300,neutral
27308,fear
27359,happy
27363,happy
27369,happy
27488,sad
27503,neutral
27509,happy
27591,fear
27635,fear
27709,angry
27764,happy
27772,happy
27806,neutral
27846,angry
27868,angry
27889,angry
2789,happy
27899,fear
27910,happy
27937,angry
28050,neutral
28101,fear
28189,angry
28210,happy
28243,neutral
28267,fear
28308,happy
28331,neutral
28417,neutral
28453,fear
28503,happy
28515,happy
28548,angry
2858,angry
2860,sad
28627,neutral
28701,neutral
28704,happy
28724,happy
28729,neutral
28734,happy
28859,happy
29005,happy
29026,happy
29027,neutral
29043,fear
2906,neutral
29068,happy
29126,neutral
29152,fear
29219,angry
2927,happy
29284,angry
29285,angry
29291,sad
29315,happy
29327,happy
29349,fear
29389,sad
29478,neutral
29528,happy
29536,happy
29603,neutral
29629,neutral
29674,neutral
297,neutral
29701,neutral
29709,fear
29713,neutral
29720,angry
29731,angry
29733,happy
29735,happy
29738,neutral
29795,angry
29869,happy
2987,neutral
29871,happy
2988,angry
29892,fear
29912,neutral
29924,sad
29990,neutral
3000,fear
30062,neutral
30074,happy
30196,happy
30206,disgust
30237,neutral
30253,neutral
30316,fear
30333,fear
3036,neutral
30482,happy
30564,neutral
3057,happy
30594,fear
30638,neutral
30735,angry
30774,neutral
30798,happy
3087,happy
30936,neutral
31007,fear
31105,neutral
31107,happy
31116,angry
3112,neutral
31130,happy
31157,fear
31159,angry
31188,neutral
3124,happy
31286,happy
31330,neutral
31341,happy
31357,happy
31375,happy
31395,angry
31398,happy
314,angry
31421,happy
31461,fear
31526,happy
31535,angry
31569,happy
31625,happy
31638,neutral
31655,neutral
3170,neutral
31738,neutral
31782,neutral
31821,happy
31855,neutral
31860,neutral
31866,neutral
31903,angry
31916,happy
31940,happy
31954,fear
31973,neutral
31979,happy
32076,neutral
32097,neutral
32103,happy
32180,neutral
32279,neutral
32323,angry
32349,happy
32351,neutral
32438,neutral
32461,happy
32463,angry
32485,neutral
32507,fear
32551,neutral
32569,angry
32619,neutral
32623,neutral
32642,angry
32682,happy
32688,happy
3269,neutral
32692,angry
32696,angry
32758,happy
32766,neutral
32799,neutral
32829,neutral
32876,happy
32879,happy
32889,neutral
32931,happy
32940,angry
32941,neutral
32946,neutral
3296,happy
3297,happy
32996,happy
33007,happy
33051,happy
33097,happy
3314,happy
33215,neutral
33258,happy
33299,neutral
33358,angry
33390,happy
33410,angry
33419,neutral
33440,fear
33490,happy
33519,happy
33535,angry
33548,fear
33559,fear
33587,sad
33608,sad
33617,neutral
33644,fear
33673,happy
33674,angry
33701,neutral
33718,happy
33806,angry
33855,neutral
3391,neutral
33919,happy
33940,fear
340,happy
3402,angry
34024,fear
34063,happy
3409,fear
34097,neutral
341,angry
34100,happy
34117,neutral
34120,fear
34143,neutral
34201,neutral
34277,fear
34325,happy
34356,neutral
34382,happy
34396,fear
34415,angry
34462,happy
34465,happy
34522,angry
34545,fear
34613,neutral
34656,fear
34659,neutral
34675,fear
3472,angry
34730,happy
34755,happy
34878,happy
34897,angry
34968,happy
34972,angry
35022,happy
35120,neutral
35151,angry
35202,angry
35207,neutral
35230,neutral
35238,fear
35250,neutral
35257,neutral
35279,happy
35322,neutral
35334,fear
35362,neutral
35363,neutral
35394,sad
35410,happy
35427,happy
35453,angry
35541,neutral
35592,happy
35629,neutral
3565,angry
35697,fear
35709,neutral
3584,happy
35851,angry
3601,happy
3645,neutral
365,happy
3709,fear
3714,neutral
3719,happy
3722,neutral
3736,happy
3739,neutral
3742,happy
3783,neutral
3785,neutral
3836,angry
3837,angry
3985,neutral
4033,neutral
4040,angry
4064,happy
4098,happy
414,happy
418,happy
4200,happy
4217,neutral
4234,happy
4296,neutral
4308,neutral
4316,happy
4340,fear
4411,angry
4453,angry
4516,sad
452,happy
4523,angry
454,angry
4540,neutral
4547,happy
460,happy
4650,happy
4821,angry
483,angry
4858,neutral
4901,neutral
4917,neutral
4975,happy
4979,happy
4986,neutral
500,happy
5023,happy
504,angry
507,neutral
5074,neutral
5097,fear
5117,fear
5184,neutral
5222,fear
5253,angry
5263,neutral
5283,happy
5360,fear
538,neutral
546,neutral
5472,neutral
5514,neutral
5567,happy
5622,happy
5638,neutral
5654,happy
5717,neutral
5736,angry
5809,angry
5858,neutral
5957,angry
5961,happy
5989,angry
5992,fear
6035,happy
6037,neutral
6054,neutral
6059,angry
6062,neutral
6064,fear
6091,neutral
6106,angry
6152,disgust
6153,happy
6176,neutral
6179,happy
6214,fear
6311,fear
6345,neutral
6346,neutral
6366,fear
6469,happy
6495,happy
6515,angry
6608,sad
6732,happy
6747,fear
6808,neutral
6814,angry
6876,neutral
689,happy
6902,neutral
6909,happy
6973,neutral
6988,neutral
7027,fear
7038,neutral
7102,happy
712,fear
7129,happy
7146,angry
7150,happy
7158,neutral
7182,fear
7270,happy
7271,neutral
729,neutral
73,happy
7302,neutral
7305,angry
7350,happy
7394,neutral
741,happy
7517,happy
7542,happy
7580,angry
7681,neutral
7684,neutral
7748,happy
7749,neutral
7756,happy
7786,happy
7819,angry
7846,fear
7875,neutral
7894,neutral
794,happy
7980,angry
8035,fear
8040,angry
8043,happy
8067,neutral
8119,angry
8163,fear
8177,sad
8178,neutral
8239,neutral
8350,fear
8433,happy
8454,happy
8474,happy
8481,angry
85,fear
8556,happy
859,neutral
8611,happy
8637,angry
8645,neutral
8672,angry
872,happy
8754,happy
8795,happy
8797,angry
8818,angry
886,neutral
9037,happy
9040,neutral
9101,neutral
911,fear
9179,neutral
9205,neutral
9232,happy
9251,angry
9261,happy
9281,happy
9302,fear
9333,neutral
9369,angry
9370,happy
9474,happy
949,neutral
9602,happy
9606,neutral
9842,fear
9898,fear
10019,angry
10023,happy
10074,angry
10096,angry
10106,happy
10126,neutral
10138,happy
10141,happy
1020,happy
10218,angry
10237,neutral
10248,fear
10257,angry
1027,happy
10273,angry
10276,neutral
10312,fear
10317,neutral
10344,happy
10362,fear
10367,neutral
10370,angry
10432,happy
10456,neutral
10467,happy
10468,angry
10480,fear
10528,sad
10540,fear
10552,fear
1056,happy
10571,neutral
1058,neutral
10622,fear
10638,neutral
10640,neutral
10644,neutral
10647,angry
10683,neutral
10703,angry
1074,angry
10770,angry
10773,fear
10792,neutral
1081,angry
10811,neutral
10841,neutral
10879,happy
10903,angry
10935,angry
10956,fear
10992,angry
11019,happy
1111,neutral
11150,neutral
11208,neutral
1121,neutral
11236,happy
1130,fear
11345,happy
11349,neutral
11392,angry
1141,neutral
11500,happy
11508,fear
11516,happy
1152,happy
11530,happy
11549,happy
11552,neutral
11558,fear
11573,happy
11575,neutral
11588,neutral
1159,neutral
11594,neutral
11604,neutral
11614,angry
11637,neutral
11646,happy
11658,neutral
11717,happy
11733,happy
11763,sad
11766,sad
11772,neutral
11785,neutral
11793,fear
11808,happy
11814,happy
11819,neutral
11835,sad
11842,happy
11850,happy
11885,neutral
11927,fear
12011,happy
1202,neutral
12024,neutral
12098,happy
12120,fear
12129,happy
12141,angry
12191,neutral
12239,happy
12257,neutral
12284,neutral
12321,neutral
12329,happy
12349,neutral
12359,fear
12376,happy
12379,fear
12381,neutral
12410,happy
1246,happy
12487,angry
12492,angry
12497,angry
12557,happy
12560,fear
12581,happy
12600,angry
12611,neutral
12672,fear
12705,happy
12725,happy
12729,neutral
12772,neutral
12776,happy
12789,fear
12861,happy
12904,sad
12936,fear
12951,neutral
12956,happy
12957,neutral
13037,angry
13073,happy
1309,angry
13105,neutral
13108,happy
13127,angry
13139,sad
13151,angry
1316,angry
13204,angry
13228,neutral
13283,neutral
13317,happy
13322,happy
1334,neutral
13348,happy
13353,happy
13363,angry
13366,happy
13385,fear
1341,fear
13427,neutral
13428,fear
13449,neutral
13456,happy
13476,happy
13502,angry
13526,sad
13528,neutral
13570,happy
13584,happy
13590,happy
13615,neutral
13618,angry
13655,angry
13703,neutral
13706,neutral
13715,happy
13757,fear
13761,neutral
13792,fear
13802,neutral
1381,neutral
13833,angry
13848,neutral
13874,happy
13877,happy
139,sad
13911,happy
13912,happy
13925,fear
1395,happy
13955,fear
13968,neutral
13969,angry
13991,neutral
14063,happy
14092,happy
141,happy
14139,happy
14152,sad
14155,happy
14169,neutral
14236,neutral
14278,happy
14282,neutral
14292,happy
14310,fear
14314,neutral
14327,happy
14348,happy
14360,fear
14371,neutral
14378,angry
14419,fear
14427,happy
14448,angry
14473,fear
14475,happy
14516,neutral
14517,neutral
14518,fear
14546,neutral
14586,angry
14593,happy
14611,happy
14700,happy
14730,angry
14757,neutral
14759,neutral
14792,happy
14877,fear
1491,angry
14965,neutral
14973,angry
15039,neutral
15060,happy
15077,neutral
15099,fear
1512,happy
15147,happy
15181,happy
15212,angry
15216,neutral
15221,angry
15229,happy
15257,happy
15269,happy
15271,fear
15292,neutral
15310,neutral
15323,angry
15331,happy
15335,angry
1538,angry
15397,happy
15400,neutral
15409,neutral
15426,angry
15432,fear
15438,neutral
15443,happy
15455,angry
15494,fear
15520,neutral
15523,happy
15589,disgust
15616,happy
15621,neutral
15677,fear
15708,happy
15758,neutral
15767,angry
15791,neutral
15843,fear
15854,neutral
15885,fear
15910,happy
15966,happy
15976,happy
15983,happy
16037,happy
16042,happy
16064,neutral
16076,happy
16081,fear
16106,neutral
16108,fear
16120,neutral
16141,sad
16192,angry
16198,angry
16238,neutral
16275,happy
1628,happy
16308,happy
16370,neutral
16375,happy
1640,angry
16407,happy
16423,fear
16444,happy
16460,fear
16511,happy
16550,happy
16562,happy
16583,fear
16588,sad
16596,happy
16604,fear
16611,angry
16619,angry
16633,neutral
16649,happy
16667,neutral
16699,happy
167,happy
1670,angry
16700,sad
16712,fear
16734,neutral
16738,happy
16751,happy
16752,angry
16759,neutral
16770,happy
16795,angry
16799,angry
16809,neutral
16818,neutral
16952,fear
16967,fear
16971,happy
1699,neutral
17002,sad
17007,angry
17010,fear
17021,neutral
17022,happy
17032,happy
1704,angry
17041,fear
1707,neutral
17098,neutral
17104,fear
17117,angry
17188,happy
17194,angry
17207,neutral
17220,fear
17319,neutral
17367,angry
17381,angry
17397,fear
17402,happy
17447,fear
17462,happy
17470,happy
17484,neutral
17485,neutral
17494,neutral
17498,happy
17506,angry
17524,happy
17541,happy
17543,neutral
17552,neutral
17609,angry
17624,happy
17654,neutral
1768,happy
17682,neutral
17684,happy
17692,happy
17694,neutral
17698,sad
1770,angry
17715,happy
17772,angry
17799,neutral
17802,happy
17821,angry
1787,neutral
17904,angry
1793,neutral
17936,angry
18016,happy
18018,happy
18025,fear
18033,neutral
18037,angry
18080,fear
18082,fear
1815,angry
18165,happy
18173,fear
18205,neutral
18226,fear
18237,neutral
18245,happy
18249,fear
18250,sad
18256,angry
18259,neutral
18297,neutral
18308,happy
18383,neutral
18405,angry
18424,neutral
18425,happy
18442,happy
18443,happy
18471,disgust
18476,neutral
18483,fear
18487,neutral
18503,happy
18505,angry
18531,neutral
18541,neutral
18556,neutral
18568,happy
18578,neutral
18655,neutral
18662,neutral
1869,neutral
187,neutral
18700,angry
18729,fear
18783,fear
18822,angry
18827,fear
18834,angry
18835,fear
18849,happy
18861,happy
1887,neutral
18873,happy
18885,angry
18898,sad
18904,happy
18930,neutral
18944,happy
18948,angry
18952,neutral
19008,angry
19012,neutral
19025,angry
19056,happy
19062,sad
19063,angry
19074,neutral
19105,happy
19127,happy
19130,neutral
19132,happy
19137,happy
19148,angry
19160,neutral
19162,neutral
1919,happy
192,happy
1920,happy
19210,angry
19245,happy
19263,neutral
19269,sad
19284,neutral
19291,angry
19317,neutral
19318,fear
19323,neutral
19346,angry
19357,angry
19370,happy
19377,fear
19378,fear
1938,happy
19398,neutral
19402,angry
19438,neutral
19449,fear
19478,neutral
19492,fear
19496,fear
19499,angry
19514,neutral
1953,happy
19536,angry
19548,neutral
19568,neutral
19589,happy
19597,neutral
196,angry
19600,happy
19605,angry
19668,fear
19680,neutral
19696,angry
19700,angry
19709,fear
19711,happy
1974,happy
19744,angry
19747,angry
19748,angry
19768,fear
19803,happy
19837,angry
19883,fear
19889,neutral
19918,neutral
19957,neutral
19958,happy
19962,neutral
19968,fear
2001,angry
20023,fear
20025,happy
20032,happy
20039,neutral
20048,sad
20091,angry
20111,happy
2012,neutral
20120,neutral
20122,neutral
20140,neutral
20155,angry
20165,sad
20181,neutral
20196,angry
20208,happy
20213,angry
20216,neutral
20218,happy
20229,neutral
20239,angry
20252,happy
20267,fear
20285,happy
20296,angry
20318,neutral
20355,angry
20365,angry
20371,neutral
20377,angry
20412,fear
20430,angry
20445,happy
20490,happy
20500,happy
20507,neutral
20519,happy
20547,angry
20561,happy
20567,angry
2058,happy
20580,happy
20595,happy
20616,angry
2064,happy
20666,neutral
20675,angry
20684,happy
20685,sad
2069,neutral
20745,neutral
20821,sad
20829,neutral
20850,angry
20857,neutral
20865,neutral
20866,angry
20889,happy
20918,neutral
20941,angry
20945,fear
20949,sad
20958,happy
20972,neutral
20984,neutral
20988,neutral
20994,fear
210,fear
21006,neutral
21027,fear
21033,neutral
21077,fear
21097,happy
21098,happy
21120,happy
21143,neutral
21177,angry
21185,neutral
2120,fear
21200,fear
2122,neutral
21235,happy
21292,happy
213,happy
21305,angry
21316,fear
21348,happy
2135,happy
2137,happy
21376,neutral
21384,neutral
21394,fear
21439,angry
21441,neutral
21460,fear
21473,neutral
21483,neutral
21501,neutral
2152,happy
21524,happy
21538,happy
21574,neutral
2159,happy
21593,happy
21602,happy
21605,fear
21618,sad
21699,happy
21708,neutral
21750,fear
21778,angry
21783,neutral
21787,neutral
2182,fear
21825,angry
21835,happy
2184,fear
21846,happy
21876,neutral
21899,neutral
21927,angry
21942,fear
21943,neutral
21961,neutral
21990,happy
2204,happy
22056,neutral
22064,happy
22080,angry
22097,angry
22111,happy
22138,neutral
22140,neutral
22150,neutral
22154,angry
22178,happy
22179,happy
22191,neutral
22194,happy
22201,sad
22247,angry
22289,neutral
22290,neutral
22301,happy
2231,neutral
22340,angry
22346,neutral
22347,happy
22351,happy
22380,happy
22388,fear
22395,happy
22424,fear
22459,neutral
22466,happy
22506,angry
22532,happy
22545,neutral
22560,angry
22574,angry
22600,happy
22604,happy
22612,neutral
22614,happy
22671,angry
22679,neutral
22711,happy
22750,angry
22754,happy
22763,angry
22778,neutral
22784,happy
22804,neutral
22805,happy
2282,happy
22834,happy
2284,fear
22863,happy
2287,neutral
22894,neutral
22900,angry
22910,neutral
2293,neutral
22935,neutral
22991,happy
23028,angry
2305,happy
2307,neutral
2308,sad
23096,neutral
23101,angry
23114,neutral
23122,happy
23170,angry
23238,neutral
2324,happy
2327,happy
23293,fear
23319,neutral
23320,angry
23321,angry
23334,fear
23377,angry
23380,happy
23381,neutral
23419,neutral
23440,neutral
23453,happy
23462,angry
2350,angry
23501,angry
23525,happy
23555,neutral
23559,fear
23572,angry
23590,fear
23612,angry
23621,angry
23664,angry
23667,fear
2374,happy
2377,happy
23770,neutral
23786,happy
23801,happy
23813,disgust
23848,fear
23862,neutral
23865,neutral
23866,happy
23891,neutral
23897,happy
23920,happy
23933,fear
23946,happy
24027,neutral
2403,fear
24054,fear
24055,neutral
24077,neutral
24079,neutral
24099,neutral
2411,neutral
24123,angry
24137,neutral
24148,happy
24161,angry
24189,neutral
24200,fear
2421,neutral
24211,happy
24219,neutral
24224,angry
2424,happy
24241,happy
24259,happy
24263,happy
24286,angry
24289,happy
24292,happy
24297,neutral
24299,neutral
24340,happy
24354,neutral
24355,happy
2436,fear
24360,happy
24380,happy
24390,happy
24391,happy
24393,happy
24395,sad
24410,happy
24465,fear
24492,neutral
2450,neutral
24509,neutral
24521,neutral
24530,happy
24535,angry
24536,neutral
24570,happy
24607,happy
24633,neutral
24652,neutral
24656,happy
24680,neutral
24692,angry
24699,angry
247,angry
24718,happy
2472,happy
24731,happy
24747,fear
24764,neutral
24769,neutral
24777,angry
24783,happy
24823,neutral
2483,angry
24845,sad
24884,happy
24906,happy
24910,neutral
2492,angry
24942,angry
24946,neutral
25006,happy
25017,happy
25028,happy
25037,happy
25039,neutral
25048,neutral
25058,neutral
25123,happy
25163,angry
25180,fear
25186,happy
25199,happy
25223,angry
25271,sad
25275,sad
25287,angry
25322,neutral
25328,neutral
25337,angry
25342,neutral
25383,fear
25396,happy
25414,angry
25420,neutral
25431,happy
25438,happy
25443,happy
25454,angry
25472,angry
25517,neutral
25533,neutral
2554,fear
2556,happy
25578,angry
2559,neutral
25602,happy
25604,neutral
25649,happy
25652,neutral
25658,neutral
25686,sad
25705,fear
25714,neutral
25719,neutral
25720,angry
25744,fear
25747,angry
25759,angry
25775,neutral
25809,angry
25839,neutral
25887,neutral
25902,angry
25927,neutral
25937,angry
25949,happy
25993,happy
26018,angry
2603,neutral
26032,happy
26034,angry
26046,angry
26077,happy
26098,angry
26107,fear
2611,neutral
26159,neutral
26160,angry
26169,happy
2620,neutral
26212,angry
26224,happy
2629,neutral
26338,angry
26370,happy
26397,happy
2640,happy
26456,happy
26459,neutral
26468,happy
26477,neutral
2649,neutral
26511,neutral
2655,neutral
26563,angry
26578,happy
26660,neutral
26665,happy
26667,sad
26676,angry
26703,sad
26720,happy
26736,happy
26775,happy
2678,fear
26819,angry
26840,angry
26850,neutral
26873,happy
26888,happy
26891,angry
26906,fear
26909,angry
26913,neutral
26935,happy
26960,angry
26963,neutral
26967,neutral
26978,sad
26981,neutral
27048,happy
27051,angry
27105,angry
27106,neutral
27128,neutral
27140,neutral
27152,neutral
27162,neutral
27172,happy
27187,sad
27196,happy
27197,neutral
27204,sad
27212,angry
27227,happy
27246,fear
27277,happy
27294,angry
2730,happy
27326,neutral
27333,happy
27334,neutral
27365,angry
27367,neutral
27404,angry
27407,happy
27426,happy
27446,neutral
2745,happy
27452,happy
27474,angry
27508,happy
2754,happy
27554,sad
27563,neutral
27575,happy
27616,fear
27619,neutral
27625,fear
27636,angry
27645,neutral
27647,neutral
27648,neutral
27662,fear
27671,fear
27675,fear
27701,angry
2771,neutral
2774,angry
27779,happy
27823,neutral
27854,happy
2790,happy
27928,angry
27931,angry
27932,happy
27940,fear
27944,fear
27949,happy
2796,neutral
28040,angry
28046,neutral
2805,neutral
2806,happy
2810,happy
28105,neutral
28108,neutral
28115,happy
28138,fear
28140,angry
2816,neutral
2820,happy
28249,angry
28256,angry
28264,happy
28273,happy
28282,happy
28367,angry
28376,neutral
28379,sad
28383,neutral
28415,happy
28474,happy
28502,happy
28522,neutral
28529,angry
2857,happy
28581,angry
28590,happy
28594,neutral
28600,happy
2861,happy
28632,neutral
2867,happy
28676,happy
28688,angry
28772,fear
28797,angry
28807,angry
28814,sad
2885,happy
28871,angry
28897,neutral
28928,neutral
28934,neutral
28938,fear
28949,happy
28954,neutral
28955,neutral
28962,angry
28963,happy
28982,happy
29003,angry
29019,disgust
29020,fear
29067,happy
29071,neutral
29074,neutral
29111,happy
29123,neutral
2913,happy
29185,angry
29211,happy
29214,neutral
29248,happy
29258,happy
29290,happy
2930,angry
29300,happy
29329,neutral
29365,angry
29370,happy
2938,angry
29398,angry
29415,neutral
29423,neutral
29456,happy
29460,neutral
29464,neutral
29467,angry
29475,happy
2948,happy
29504,angry
29555,angry
29578,angry
29589,fear
29645,happy
29647,happy
29648,angry
29649,neutral
2965,happy
29680,happy
29697,angry
29699,sad
29707,angry
29724,happy
29766,neutral
29769,happy
29773,angry
29821,happy
29834,happy
29844,neutral
2985,happy
29889,happy
29919,neutral
29979,neutral
29981,angry
29987,angry
29991,angry
30,neutral
30006,angry
30016,neutral
30069,fear
30099,happy
3010,neutral
30102,fear
30114,happy
30119,happy
30127,angry
30143,neutral
3016,angry
30164,happy
30188,fear
30193,angry
30216,sad
3022,happy
30221,happy
3024,neutral
30241,neutral
30245,happy
3029,angry
30297,angry
30328,happy
30332,angry
30337,happy
30338,sad
30341,happy
30400,happy
30407,neutral
30424,neutral
30478,angry
30585,fear
30646,angry
30651,angry
30652,happy
30661,happy
30675,happy
30683,neutral
30689,happy
3069,neutral
30704,happy
30728,angry
30737,neutral
30738,fear
30749,happy
3077,happy
30772,neutral
30779,fear
30793,happy
30808,neutral
30820,neutral
30822,sad
30823,sad
30825,happy
3083,fear
30830,neutral
30835,happy
30851,angry
30855,happy
30856,neutral
3086,happy
30871,happy
30893,fear
30909,neutral
30948,neutral
30951,sad
30961,fear
30962,fear
30965,happy
30981,happy
31010,angry
31029,angry
31043,fear
31056,angry
3106,neutral
31080,neutral
31101,angry
31112,angry
31137,neutral
31140,sad
31141,neutral
31145,fear
3117,neutral
3120,fear
31209,neutral
31239,neutral
31285,angry
31295,neutral
3131,angry
31316,fear
3132,neutral
31366,sad
3138,happy
31384,fear
3144,neutral
31440,fear
3146,fear
31542,angry
31551,neutral
31571,happy
31572,happy
3162,happy
31627,neutral
31629,neutral
31659,angry
31697,happy
31742,neutral
31752,sad
31806,neutral
31811,angry
3182,angry
31833,happy
31853,angry
31858,happy
31870,fear
31897,sad
31908,sad
31929,fear
31952,angry
31977,fear
31987,happy
32046,neutral
32047,neutral
32048,happy
32051,happy
3209,neutral
32142,neutral
32144,happy
3215,neutral
32177,neutral
32248,happy
32344,happy
32354,happy
32372,fear
32377,happy
32382,happy
32388,angry
32402,happy
32439,neutral
3245,angry
325,happy
3250,happy
32541,angry
32544,neutral
32568,angry
32570,sad
32574,neutral
32595,sad
3260,angry
32607,fear
32614,happy
32624,fear
32627,neutral
32684,neutral
32725,fear
32763,neutral
32769,neutral
32773,neutral
3278,sad
32796,angry
32826,happy
32835,fear
32837,happy
32838,angry
32849,happy
32913,angry
32917,angry
32950,happy
32952,happy
32953,neutral
32958,sad
32973,angry
32993,happy
32997,neutral
32998,neutral
33016,angry
33017,neutral
33024,happy
33046,fear
33065,neutral
33066,neutral
33071,angry
33084,neutral
33091,happy
33094,neutral
331,neutral
3313,happy
33144,neutral
33174,happy
33175,happy
3318,fear
33188,happy
33212,angry
33216,happy
33228,fear
33231,fear
33240,neutral
33268,neutral
33283,sad
333,happy
33319,happy
33320,happy
33322,happy
33326,angry
33343,neutral
33357,angry
33366,fear
33375,happy
33407,happy
33423,neutral
33455,happy
33460,happy
33463,angry
33518,happy
33525,happy
33530,sad
33533,happy
33544,neutral
33564,fear
33610,happy
33648,sad
33660,happy
33675,neutral
33690,neutral
33727,happy
33757,neutral
33762,neutral
33802,fear
33807,neutral
33842,neutral
33853,neutral
33874,neutral
33915,angry
33917,sad
33933,sad
33938,neutral
33981,happy
34015,happy
34049,angry
34057,happy
34098,happy
3410,happy
34102,happy
3411,neutral
34119,neutral
34129,neutral
3414,neutral
34170,fear
34219,happy
3422,neutral
34226,happy
34234,happy
34244,fear
34257,neutral
34295,neutral
34302,happy
3431,neutral
34316,neutral
34361,fear
34375,neutral
34386,neutral
34397,angry
34412,fear
34435,angry
34437,happy
34464,neutral
34468,neutral
3447,happy
34471,happy
34483,fear
34498,neutral
34510,happy
3452,angry
34567,neutral
34569,neutral
34585,happy
34599,angry
34600,fear
34644,fear
34645,happy
34649,happy
3465,neutral
34688,fear
34720,neutral
34724,neutral
34737,neutral
34753,fear
34756,happy
34759,happy
34761,angry
34768,neutral
34772,fear
34829,happy
34836,angry
34840,neutral
34841,neutral
34861,neutral
34941,neutral
34965,happy
34969,happy
34978,happy
35101,neutral
35117,happy
35142,happy
35153,happy
35163,happy
35177,neutral
35199,angry
35200,happy
35209,happy
35226,happy
35291,neutral
35321,fear
35341,happy
35346,neutral
35364,sad
35369,neutral
35370,neutral
35372,neutral
3538,fear
3543,fear
35454,angry
35481,happy
35497,neutral
35520,neutral
35536,neutral
35547,neutral
35552,happy
35559,fear
35582,fear
35598,angry
356,neutral
35603,neutral
35659,fear
35664,angry
35677,neutral
35685,fear
35698,fear
3570,happy
35707,angry
35721,happy
35724,happy
3574,neutral
35767,angry
35771,fear
35787,sad
35792,angry
35794,neutral
35804,angry
35850,neutral
35856,happy
35860,happy
35869,neutral
3590,angry
3647,happy
366,fear
3662,neutral
3663,happy
370,happy
3755,happy
3763,angry
3766,neutral
3772,neutral
3811,happy
3818,angry
3842,neutral
3875,fear
3891,neutral
3906,angry
3958,sad
3959,fear
3969,happy
3977,angry
3978,happy
3982,disgust
4029,happy
4041,fear
4084,neutral
4090,neutral
4094,neutral
41,angry
4107,happy
4114,neutral
4133,fear
4156,angry
4159,happy
4165,angry
4169,neutral
4174,neutral
4182,neutral
4185,happy
4226,happy
4248,neutral
4264,happy
4269,happy
4284,happy
4295,happy
4345,happy
4363,happy
4366,happy
440,neutral
4433,neutral
446,fear
4480,happy
4485,happy
4492,happy
4506,happy
4526,neutral
4549,fear
4558,neutral
4576,angry
4580,happy
4589,happy
4606,happy
4607,neutral
4620,neutral
4634,happy
4640,fear
4649,neutral
4653,fear
4666,happy
478,neutral
4786,happy
4791,neutral
4797,neutral
4803,neutral
4814,neutral
4827,happy
4832,happy
4849,happy
485,happy
487,neutral
4910,neutral
4948,angry
4980,neutral
4988,fear
4996,fear
5006,angry
5008,angry
5048,happy
5062,neutral
5089,happy
5102,angry
5127,angry
5154,neutral
5176,fear
5209,fear
5264,neutral
5269,neutral
527,angry
5278,happy
5279,fear
5289,angry
5293,happy
5303,happy
531,happy
5318,angry
5340,neutral
5356,fear
5417,happy
5445,angry
5452,happy
5468,angry
5477,neutral
5490,fear
5493,happy
5523,happy
553,neutral
5548,neutral
5558,angry
5594,neutral
5618,happy
5674,happy
568,angry
5694,happy
5705,angry
5714,neutral
5719,angry
5753,neutral
5766,angry
5783,neutral
5797,happy
5800,neutral
5807,happy
5812,fear
5835,angry
5857,happy
5891,happy
5904,happy
5919,neutral
594,happy
5942,happy
5954,happy
5968,happy
5977,angry
5988,happy
6029,neutral
6045,angry
6052,happy
6095,angry
6110,happy
6123,neutral
613,happy
6136,happy
6169,fear
6175,neutral
6183,neutral
62,angry
620,happy
6206,happy
6217,happy
6246,angry
6272,happy
628,neutral
629,neutral
6368,happy
6378,neutral
639,happy
6394,happy
6403,fear
6416,happy
6444,angry
6457,fear
6473,neutral
6500,fear
6522,angry
6532,happy
655,neutral
657,neutral
6577,happy
659,happy
6603,happy
6616,happy
6677,neutral
6686,angry
6689,neutral
6691,angry
6700,neutral
6703,neutral
674,neutral
6744,neutral
6759,fear
6776,angry
6784,happy
6792,neutral
681,angry
6811,angry
6818,neutral
6865,fear
690,happy
6914,happy
6928,happy
693,happy
6935,fear
6977,fear
6989,happy
7017,fear
7020,happy
7026,happy
7029,neutral
7065,neutral
7080,happy
7100,neutral
7116,happy
7159,neutral
7162,happy
7191,happy
7200,fear
721,happy
7244,angry
7245,neutral
7292,fear
7299,fear
7333,happy
7335,fear
7366,angry
7379,happy
738,neutral
7392,angry
7413,angry
7425,fear
7441,angry
7511,neutral
7531,neutral
7532,neutral
7537,angry
7548,happy
7561,neutral
7590,happy
7603,neutral
7659,neutral
7664,happy
7672,happy
7674,neutral
7680,angry
7700,happy
7702,happy
7712,happy
7713,happy
7737,angry
774,fear
7753,happy
7762,neutral
7804,sad
7813,neutral
7815,angry
7827,neutral
7845,happy
7881,neutral
7892,happy
7905,happy
7916,neutral
7948,happy
7975,neutral
7986,angry
8,neutral
80,angry
8020,neutral
8027,happy
8034,fear
8049,neutral
8065,angry
8082,neutral
8086,angry
8089,happy
817,angry
8188,neutral
8228,angry
8268,fear
8276,neutral
8284,neutral
8293,neutral
8301,angry
8303,neutral
8316,happy
8322,neutral
8331,angry
8334,fear
8338,happy
8355,neutral
8424,fear
8434,fear
8449,angry
8457,happy
8473,angry
8539,fear
8548,happy
8559,neutral
856,neutral
8649,fear
8657,neutral
8662,neutral
8677,neutral
8682,neutral
8691,happy
8704,happy
873,happy
8753,happy
8756,happy
8762,happy
880,happy
8820,neutral
8861,happy
8864,angry
8886,angry
8915,neutral
8940,happy
895,angry
8960,neutral
897,neutral
898,neutral
8993,neutral
9005,fear
906,angry
9060,happy
9070,angry
9071,happy
9085,happy
9094,angry
9147,neutral
915,neutral
9152,neutral
9167,happy
9174,neutral
9180,happy
9202,neutral
9206,neutral
9222,sad
9246,sad
9272,angry
9286,happy
9371,fear
9392,neutral
9412,fear
9416,happy
942,neutral
9437,angry
9442,fear
9476,neutral
9486,neutral
951,happy
9538,fear
9542,angry
9570,neutral
9571,happy
9598,fear
9599,neutral
9605,happy
9640,neutral
9687,neutral
973,happy
9774,angry
9800,sad
9833,neutral
9845,happy
9865,fear
9890,angry
9893,fear
9897,neutral
9901,neutral
9933,neutral
9977,happy
9979,happy
9984,happy
10033,neutral
10048,neutral
10068,happy
10117,angry
10118,angry
10134,happy
10150,happy
10247,angry
10266,fear
10346,fear
10406,angry
1045,neutral
10512,neutral
10518,fear
10533,neutral
10535,happy
10549,neutral
10624,neutral
10634,neutral
10653,neutral
10676,happy
10693,happy
10715,fear
10741,angry
10774,neutral
10787,angry
10902,happy
10906,angry
10916,angry
10926,neutral
1093,neutral
1094,angry
1101,angry
11022,happy
11032,happy
11034,neutral
11038,happy
11055,neutral
11065,angry
11098,angry
11108,fear
11130,sad
11168,happy
11180,angry
112,happy
11213,neutral
11218,angry
11233,angry
11251,neutral
1126,happy
11269,sad
11277,fear
11278,neutral
11317,happy
11358,neutral
11390,neutral
11395,angry
1142,angry
11448,angry
11462,neutral
11491,fear
11518,angry
11560,happy
11603,neutral
11654,neutral
11660,fear
11686,happy
11689,fear
11725,happy
11738,neutral
11783,happy
11818,happy
11823,neutral
11834,angry
11872,fear
11875,fear
11889,fear
1189,happy
11913,happy
11928,happy
11977,happy
12042,angry
1206,angry
12090,angry
12096,angry
12100,fear
12106,fear
12116,angry
12117,angry
12162,fear
12173,neutral
1220,angry
12202,happy
12215,happy
1222,fear
1227,happy
12272,angry
12289,neutral
12319,fear
12361,neutral
12363,happy
12366,happy
12407,happy
12423,fear
1248,neutral
12500,neutral
12508,neutral
12519,neutral
12569,neutral
12647,fear
12801,neutral
12852,happy
12869,angry
12879,neutral
12885,angry
12933,neutral
12976,fear
1300,neutral
13047,neutral
1313,neutral
13161,angry
13164,fear
13188,happy
13212,happy
13237,happy
13242,happy
1328,angry
13337,happy
1336,neutral
1339,angry
13409,happy
13411,fear
13424,fear
13430,neutral
13433,angry
13441,happy
13467,angry
13498,neutral
135,angry
13531,neutral
13586,happy
13603,happy
13619,happy
13633,happy
13644,neutral
13653,neutral
13670,happy
13692,happy
13695,angry
13800,happy
13808,neutral
13825,happy
13834,happy
13843,happy
13897,happy
13909,fear
14047,fear
1407,angry
1411,fear
14113,happy
14135,happy
14154,neutral
14170,angry
14174,neutral
14175,neutral
14187,happy
14190,angry
14224,neutral
14342,neutral
14352,disgust
14362,fear
14406,neutral
14436,angry
14481,angry
14487,happy
14495,happy
14496,neutral
14513,angry
14542,happy
14550,happy
14564,neutral
14641,happy
14645,neutral
14671,neutral
14703,fear
14717,happy
14741,angry
14859,neutral
14867,neutral
14929,neutral
1493,neutral
14957,neutral
14980,happy
15007,happy
15013,angry
15044,angry
15070,angry
15102,fear
15106,angry
15120,happy
15121,fear
15132,neutral
15168,angry
15193,happy
15207,neutral
15210,happy
15220,happy
15248,neutral
15293,neutral
15333,happy
15334,neutral
15350,angry
15366,happy
15387,happy
15405,happy
15441,angry
15445,neutral
15459,happy
15529,angry
15536,happy
15568,happy
15570,neutral
15611,angry
15634,happy
15638,angry
15651,angry
15686,happy
15713,angry
15716,fear
15717,fear
1572,sad
15721,angry
15824,happy
15847,neutral
15890,happy
15904,happy
15932,neutral
15963,angry
16019,neutral
16094,fear
16101,happy
16143,happy
16196,neutral
16257,angry
16324,neutral
16329,angry
16350,neutral
16363,happy
16389,happy
16419,neutral
16463,neutral
16464,angry
16476,neutral
16478,neutral
16508,angry
1656,happy
16569,fear
16570,happy
16575,happy
16685,happy
1669,neutral
16696,fear
16714,neutral
1675,neutral
16817,happy
16823,sad
1683,neutral
16845,angry
1685,neutral
16860,fear
1688,angry
16890,neutral
16964,neutral
16969,angry
16989,angry
17015,fear
17018,angry
17028,neutral
17131,happy
1716,neutral
17163,neutral
17212,happy
17231,happy
17251,angry
17267,angry
17273,fear
17276,angry
17295,neutral
17318,happy
17345,neutral
17359,neutral
1737,neutral
1738,angry
17417,neutral
17424,fear
17538,angry
17555,fear
17563,happy
17582,neutral
1759,happy
17598,neutral
17695,neutral
17702,fear
17790,happy
17815,happy
17837,neutral
1785,happy
17886,happy
17973,neutral
17980,neutral
18035,neutral
18130,happy
18168,happy
18181,angry
1819,happy
18208,neutral
18223,sad
18281,fear
18288,neutral
1830,happy
18301,neutral
18312,happy
18321,angry
18339,neutral
1835,neutral
18388,happy
18389,neutral
18431,neutral
18469,neutral
18497,angry
18545,neutral
18554,happy
18658,neutral
18687,fear
18703,neutral
18708,fear
18725,happy
1874,neutral
18778,happy
18791,neutral
18803,neutral
18825,angry
18909,happy
1892,neutral
18926,neutral
1897,happy
18973,fear
18986,neutral
19009,fear
19131,neutral
19181,neutral
19204,angry
19214,happy
19234,neutral
19259,neutral
19329,angry
19340,neutral
19373,neutral
19390,neutral
19411,sad
19435,happy
19495,sad
19533,fear
19549,happy
19571,neutral
19581,fear
19590,happy
19591,happy
19609,neutral
19615,happy
19643,neutral
1972,neutral
19793,happy
19797,happy
19829,happy
19855,happy
19863,happy
1988,fear
19953,happy
19983,fear
19993,happy
20008,happy
20019,neutral
20028,neutral
20036,angry
201,neutral
20150,happy
20157,happy
2019,happy
20223,neutral
20257,neutral
20272,sad
20274,angry
20289,neutral
20360,fear
20372,sad
20416,happy
20432,neutral
2044,fear
20514,happy
20517,neutral
2053,angry
20549,happy
20588,neutral
20603,neutral
20621,happy
20665,happy
20670,neutral
2068,fear
20680,neutral
20737,neutral
20814,neutral
20833,fear
20856,fear
20875,angry
20892,angry
20893,fear
20933,happy
20948,happy
21025,neutral
21030,neutral
21092,angry
21104,fear
21150,neutral
21166,neutral
21167,angry
21199,fear
21210,happy
21265,angry
21311,happy
21314,angry
2133,happy
21337,happy
21351,neutral
21377,angry
21386,neutral
21393,sad
21404,neutral
21451,happy
21455,neutral
21470,angry
21475,neutral
2149,neutral
21557,angry
2156,happy
21589,neutral
21638,neutral
21658,neutral
21663,neutral
21695,happy
217,sad
2172,angry
21730,neutral
21752,happy
21794,neutral
21812,fear
21817,happy
21822,neutral
21852,fear
21862,happy
21880,fear
21962,happy
21971,happy
22023,neutral
22028,angry
2207,neutral
22088,happy
22091,happy
22095,happy
22123,fear
2216,angry
2223,neutral
22267,sad
2227,happy
22292,sad
22325,neutral
22336,happy
22354,happy
22357,angry
22403,angry
22410,angry
22442,neutral
22457,happy
22482,angry
22508,neutral
22517,happy
22571,happy
22576,happy
22587,neutral
22617,happy
22627,happy
22655,happy
22688,happy
22691,fear
22720,angry
2273,sad
22774,neutral
22787,happy
2279,happy
22820,happy
22867,neutral
22886,happy
22916,neutral
22924,happy
22974,happy
22987,neutral
22992,neutral
23012,neutral
2303,happy
23039,happy
23057,angry
23103,neutral
23119,angry
23167,happy
23172,neutral
23186,happy
23204,neutral
23216,neutral
23224,angry
23244,happy
23272,happy
23291,happy
23343,neutral
23348,neutral
23396,neutral
23457,angry
23470,happy
23487,fear
23565,angry
23609,neutral
23623,neutral
23634,happy
23666,happy
23691,angry
23722,neutral
23725,happy
23741,angry
23794,happy
23858,sad
23869,happy
23929,fear
24003,fear
24051,happy
24065,happy
24101,neutral
24104,neutral
24105,neutral
24156,fear
24175,sad
24182,fear
24187,neutral
24232,neutral
2427,angry
24347,angry
24358,happy
2443,happy
24443,neutral
24531,angry
24573,happy
24575,happy
2458,happy
24725,angry
24768,neutral
24774,neutral
24779,neutral
24785,angry
24798,neutral
24815,angry
24820,neutral
24877,fear
24912,neutral
24931,angry
24962,angry
24964,disgust
25007,neutral
25018,angry
25021,fear
25078,fear
25089,happy
25099,happy
2510,happy
25151,angry
25295,neutral
25318,neutral
2535,fear
25372,happy
25391,fear
25401,neutral
25409,happy
25451,happy
25497,neutral
25507,fear
25520,angry
25537,neutral
25573,fear
25593,happy
25615,fear
25627,fear
25635,angry
2564,angry
25668,happy
25678,happy
25682,neutral
25685,happy
25695,happy
25701,happy
25723,angry
25743,neutral
25773,neutral
25797,angry
25800,disgust
25810,fear
25818,neutral
25841,angry
2588,happy
25895,happy
25915,happy
25919,angry
25969,happy
25978,neutral
25979,happy
25994,angry
26016,fear
26023,happy
26041,fear
26049,neutral
26056,happy
26067,neutral
26069,neutral
26081,fear
2613,happy
26134,angry
26161,happy
26187,happy
26190,happy
26192,happy
26200,happy
26209,happy
26223,happy
26227,happy
26237,neutral
26318,happy
26364,sad
26411,angry
26453,angry
26464,happy
26495,happy
26539,angry
26647,happy
26654,angry
26682,angry
26715,happy
26767,neutral
2677,happy
26771,fear
26833,fear
26839,neutral
26851,fear
26892,happy
26901,happy
26961,happy
2699,neutral
2710,happy
27115,happy
27190,neutral
27218,angry
27229,fear
2727,angry
27299,angry
273,neutral
27306,neutral
27329,happy
27405,happy
27465,angry
2747,angry
2750,angry
2753,neutral
27533,neutral
27594,neutral
27597,neutral
2761,happy
27642,neutral
27646,neutral
27650,happy
27683,neutral
27692,neutral
27752,angry
27767,fear
27864,happy
2792,fear
27985,neutral
27995,angry
28005,neutral
28007,neutral
28014,neutral
28025,happy
28084,angry
28153,happy
28235,happy
28251,fear
28269,happy
28278,neutral
2829,happy
28298,happy
28359,happy
28471,angry
28478,happy
28480,neutral
28493,neutral
28499,fear
28507,fear
28517,sad
28531,angry
28535,neutral
28539,fear
28546,neutral
28549,fear
28642,angry
28681,angry
2871,happy
28723,neutral
28769,neutral
28782,happy
28836,neutral
28842,fear
28846,neutral
28854,happy
28951,happy
29009,happy
2901,neutral
29099,angry
29129,neutral
2914,neutral
29216,fear
29246,happy
29256,happy
29311,happy
29324,happy
29388,happy
29403,happy
29428,happy
29438,fear
29484,fear
29500,fear
29505,happy
29525,neutral
2953,angry
29556,happy
29559,angry
2957,neutral
29608,happy
29609,sad
2962,angry
29637,happy
29664,neutral
29694,angry
29758,angry
2978,happy
29794,neutral
2984,fear
29840,neutral
29848,angry
29893,angry
29916,angry
29921,sad
29944,happy
2995,angry
2998,happy
30053,happy
30121,sad
30167,angry
30197,happy
30220,neutral
30345,angry
30346,happy
30371,happy
30374,happy
30422,fear
3050,neutral
3051,happy
30530,happy
30543,happy
30546,happy
30581,neutral
30713,neutral
30786,happy
30850,neutral
30976,angry
31057,fear
31123,neutral
31132,happy
31139,happy
3115,neutral
31164,happy
31189,neutral
3123,fear
31240,happy
31257,happy
31263,fear
31307,happy
31332,fear
31347,sad
31371,neutral
31373,happy
31478,angry
31483,sad
31486,angry
31546,neutral
31561,happy
31591,neutral
31713,neutral
3174,angry
31774,happy
31820,fear
31869,neutral
3191,happy
31949,fear
31997,angry
3204,neutral
32071,neutral
32081,happy
3221,happy
32216,neutral
32321,neutral
32330,fear
32355,happy
32360,fear
32371,fear
32391,angry
32443,angry
32445,happy
32467,happy
3247,angry
32479,fear
32508,neutral
32516,angry
32547,fear
32587,angry
32605,happy
32636,angry
32671,neutral
32683,happy
32730,fear
3276,neutral
32778,happy
32782,angry
32792,neutral
32817,happy
32855,neutral
32870,happy
32905,happy
32914,sad
32935,fear
32939,angry
32965,fear
32972,angry
32978,happy
33005,happy
33013,fear
33022,neutral
33031,fear
33049,angry
33052,fear
33100,happy
33124,fear
33159,fear
33182,happy
33219,happy
33243,neutral
33255,angry
33317,happy
33346,angry
33381,happy
33399,fear
33452,angry
33468,happy
33471,angry
33514,neutral
33526,neutral
33609,happy
33642,happy
33699,happy
33710,happy
3375,happy
33785,fear
33794,neutral
33813,neutral
33819,neutral
33856,neutral
33858,neutral
33863,angry
33865,neutral
33870,happy
33880,happy
33894,happy
3395,angry
33965,fear
33999,neutral
34037,neutral
3404,angry
34059,neutral
34088,happy
34093,neutral
34131,angry
34161,neutral
34269,fear
34272,neutral
34279,happy
34308,angry
34324,happy
34335,angry
34513,disgust
34526,neutral
34530,happy
34539,neutral
34555,angry
34598,neutral
34612,neutral
34673,neutral
34685,neutral
34854,angry
34870,neutral
34875,fear
34920,fear
34979,angry
3502,angry
35034,fear
35075,sad
35108,fear
35129,neutral
35183,happy
35216,fear
35229,neutral
35241,neutral
35255,angry
35267,happy
35332,neutral
3535,angry
35356,fear
3537,fear
35400,angry
35408,happy
35484,happy
35546,happy
35576,fear
35628,happy
35657,neutral
3566,happy
35704,fear
3575,angry
35754,neutral
35755,fear
35764,neutral
35775,happy
35802,sad
35852,angry
3600,neutral
3610,happy
3700,happy
3729,neutral
3792,fear
3795,angry
3899,neutral
3909,neutral
3929,fear
3932,angry
3953,neutral
3986,angry
405,angry
4062,happy
4124,neutral
4137,happy
4194,neutral
4223,angry
4242,neutral
4314,sad
4328,fear
4339,sad
4372,angry
4380,fear
4394,happy
44,happy
4443,happy
4449,fear
449,neutral
4552,happy
4553,fear
4563,angry
4573,fear
4574,angry
4672,angry
4748,fear
4752,happy
4770,angry
4777,happy
4802,happy
4825,sad
4829,neutral
4868,happy
4870,happy
4883,neutral
4888,fear
4935,happy
4953,neutral
4998,happy
5046,neutral
5053,angry
5073,happy
508,angry
5087,sad
5110,neutral
5116,angry
5170,neutral
5186,happy
5258,happy
5267,fear
5323,fear
5345,happy
5361,fear
5385,disgust
541,angry
542,neutral
5444,neutral
5446,neutral
5449,fear
547,sad
551,fear
5527,angry
5536,fear
5549,neutral
5561,neutral
5591,happy
5651,neutral
5687,fear
5695,happy
5708,happy
5713,happy
5715,happy
5724,neutral
5748,angry
5749,neutral
5784,happy
5792,sad
5811,neutral
5831,neutral
584,fear
5853,happy
5865,happy
5912,happy
5931,happy
5953,fear
596,happy
5976,neutral
5984,neutral
60,neutral
601,sad
6078,neutral
6103,neutral
615,neutral
6158,neutral
6180,angry
6193,fear
6236,neutral
6343,neutral
6351,neutral
6388,angry
6397,happy
6412,neutral
644,happy
649,happy
6502,happy
651,happy
6527,neutral
6599,neutral
662,neutral
6664,fear
6710,happy
673,happy
6813,happy
6836,happy
6842,sad
6869,happy
6891,fear
6934,happy
7008,neutral
7009,fear
7077,neutral
7092,fear
7110,happy
7131,happy
7198,neutral
7220,happy
7239,happy
7254,fear
7273,happy
7274,happy
7348,angry
7361,angry
7376,neutral
7398,happy
7462,neutral
7466,happy
7490,happy
7551,happy
7571,neutral
7588,happy
7599,neutral
7630,neutral
766,happy
767,fear
7717,happy
7755,neutral
7765,neutral
7772,neutral
7773,angry
7788,fear
7823,fear
7831,happy
7871,happy
7903,fear
7932,happy
7953,neutral
8003,angry
8054,happy
8076,happy
8083,angry
8105,neutral
8141,happy
8179,fear
8211,angry
8216,neutral
8233,happy
8247,neutral
8262,happy
8264,neutral
8280,neutral
8295,happy
8347,neutral
8352,happy
8373,neutral
838,happy
8389,happy
8392,angry
841,sad
8410,neutral
8471,neutral
8483,happy
8498,sad
8516,neutral
8536,angry
855,neutral
8599,happy
8687,angry
8694,neutral
8724,angry
8763,happy
8768,happy
8782,fear
8788,neutral
8802,fear
8842,happy
8862,happy
8863,angry
8868,angry
8880,angry
891,angry
8919,happy
8946,happy
8976,neutral
8980,fear
9011,fear
9016,neutral
9046,happy
9050,happy
9069,sad
9099,happy
9128,happy
913,angry
9149,angry
917,happy
9170,angry
9209,neutral
9221,happy
9235,neutral
9252,happy
9273,happy
9276,angry
9288,neutral
9292,neutral
9324,happy
9335,angry
9355,fear
9356,happy
9360,neutral
9381,happy
9415,angry
9420,fear
9434,angry
9453,neutral
9473,happy
9477,neutral
9507,happy
9543,angry
9611,angry
9701,neutral
9712,angry
9718,happy
9773,neutral
9803,happy
9838,neutral
9867,happy
9874,angry
9936,sad
9975,happy
9982,neutral
9993,angry
10004,neutral
1003,neutral
10031,happy
10073,neutral
10114,neutral
10116,angry
10171,neutral
10172,neutral
10176,angry
1022,neutral
10252,fear
1026,fear
10339,fear
10352,happy
10375,fear
10383,angry
10386,sad
10423,sad
10425,angry
10455,happy
10561,angry
10607,happy
10620,happy
10655,angry
10686,happy
10694,angry
10713,fear
10769,neutral
1078,angry
10871,happy
10881,happy
10919,angry
11025,sad
11026,happy
11031,neutral
11100,fear
11138,happy
11140,angry
11163,angry
11192,fear
11209,angry
11234,happy
11241,neutral
11264,happy
11280,neutral
11284,happy
11295,neutral
11316,happy
11346,angry
11398,angry
1148,neutral
115,angry
11523,sad
1156,happy
11581,neutral
11582,neutral
11601,neutral
11626,happy
11640,angry
11662,happy
11722,angry
1173,angry
11746,neutral
11790,happy
11794,angry
11836,angry
11867,angry
11876,neutral
11880,happy
11891,happy
11909,happy
11966,neutral
11978,neutral
1198,angry
12040,fear
12074,happy
12092,happy
12113,neutral
12119,neutral
12190,neutral
12246,angry
12267,fear
12318,angry
12364,happy
12498,angry
12512,happy
12524,happy
12547,happy
12591,happy
12594,happy
12621,disgust
1264,neutral
12648,happy
12659,fear
12661,neutral
12702,fear
12758,happy
12791,happy
12818,angry
12827,fear
12899,neutral
12958,neutral
1298,neutral
13000,fear
13027,angry
13051,happy
13091,neutral
13150,sad
13162,happy
13180,happy
13187,angry
13293,fear
13296,happy
13339,neutral
13380,happy
13421,neutral
13483,angry
13488,neutral
13505,happy
13510,happy
1353,happy
13562,neutral
13575,neutral
13598,neutral
13631,neutral
1364,happy
13666,fear
13714,neutral
13726,neutral
13793,angry
13801,happy
13812,angry
13852,neutral
13870,fear
13888,happy
13907,happy
13940,neutral
13979,happy
13983,angry
14048,happy
14070,neutral
14106,sad
14122,angry
14127,happy
14136,happy
1420,happy
14208,neutral
14226,neutral
14250,neutral
14346,angry
14384,happy
14388,happy
14459,fear
14464,angry
14472,angry
14474,angry
14484,fear
14494,angry
14505,fear
14522,happy
14524,happy
14561,happy
14572,happy
14574,happy
14578,fear
14682,angry
14696,sad
14729,happy
1482,sad
14835,neutral
14836,happy
15052,fear
15078,happy
15090,neutral
15129,happy
15145,neutral
15167,happy
15169,happy
15192,angry
15208,happy
15289,angry
15294,happy
1536,neutral
15365,angry
15373,angry
15436,neutral
15447,neutral
15462,fear
15468,angry
15484,neutral
1549,neutral
15534,neutral
15535,sad
15565,happy
15580,happy
15592,neutral
1560,sad
15613,neutral
15642,fear
15657,happy
15696,fear
15697,fear
15795,angry
15867,happy
15909,angry
15929,angry
16003,neutral
16010,happy
16053,angry
16056,angry
16075,neutral
16087,fear
16125,happy
16151,fear
16208,happy
16304,happy
16338,fear
16387,neutral
16388,sad
16405,happy
16443,angry
1645,happy
16475,angry
16535,neutral
16558,neutral
16645,neutral
16706,happy
16710,happy
16776,happy
1678,neutral
16787,happy
16798,happy
16821,neutral
16837,happy
16839,happy
16863,fear
16895,angry
16938,fear
16962,happy
16985,happy
17003,angry
17011,angry
17100,fear
17128,neutral
172,neutral
17206,happy
17215,happy
17237,neutral
17248,angry
17257,neutral
17275,neutral
17279,angry
17293,fear
17297,happy
17331,happy
17341,happy
17363,angry
17426,happy
17432,neutral
1751,sad
17518,angry
17597,angry
17607,neutral
17625,happy
17662,happy
17666,neutral
17678,neutral
17713,fear
17717,angry
1772,happy
17730,neutral
17746,angry
17763,happy
17767,happy
17775,fear
1778,happy
17784,happy
17794,neutral
17887,happy
17912,happy
18047,happy
18067,neutral
18101,happy
18120,neutral
18180,angry
18193,angry
18260,angry
18270,fear
18300,neutral
18345,angry
18349,angry
18361,neutral
18367,happy
18381,angry
18457,happy
18475,happy
1854,angry
18550,neutral
18573,happy
18610,neutral
18732,neutral
18734,neutral
18842,fear
18855,neutral
18872,angry
18888,happy
18897,sad
1891,neutral
18914,angry
18927,angry
1896,happy
18962,angry
19029,angry
19049,happy
19082,happy
19084,angry
19095,happy
19145,fear
19165,neutral
19179,fear
1926,angry
19274,fear
19285,fear
19303,angry
1931,happy
19364,angry
1937,fear
19384,neutral
19422,fear
19461,disgust
19470,neutral
19486,angry
19531,neutral
19535,neutral
19578,happy
19607,fear
19663,fear
19674,neutral
1973,sad
19731,fear
19785,neutral
19799,neutral
19861,fear
19864,neutral
19880,sad
19893,neutral
19934,sad
19969,neutral
19973,angry
19975,fear
20,fear
20072,neutral
20073,angry
20104,happy
20171,neutral
20192,angry
20193,sad
20217,neutral
20301,fear
20313,happy
2039,fear
20395,neutral
20400,angry
20468,happy
20469,angry
20511,neutral
20560,neutral
20563,sad
20589,fear
20650,happy
20656,happy
20667,angry
20750,neutral
2084,sad
20908,neutral
2091,disgust
20964,happy
20979,fear
21005,happy
21029,neutral
21036,angry
21078,fear
21082,neutral
21201,neutral
21221,angry
21249,happy
21275,neutral
21282,happy
21312,happy
21324,fear
21428,happy
21434,happy
21531,fear
21535,neutral
21549,happy
2157,neutral
21632,fear
21666,happy
21681,angry
21715,angry
21720,neutral
2176,angry
21766,sad
21769,happy
21968,neutral
21978,angry
21988,neutral
22004,angry
22032,fear
22051,happy
22067,happy
22117,neutral
22241,happy
22255,happy
22271,happy
22319,angry
22335,happy
2238,neutral
2239,angry
22390,fear
22416,fear
22419,happy
22448,neutral
22449,angry
22452,neutral
22521,sad
2256,sad
22602,angry
22619,happy
22631,happy
22651,angry
22690,angry
22704,fear
22761,happy
22765,neutral
22766,happy
2278,neutral
22808,happy
22816,angry
22937,angry
22961,neutral
22977,fear
22989,happy
23054,happy
23060,neutral
231,neutral
2312,neutral
23220,happy
23297,happy
23304,happy
23341,fear
23374,neutral
23407,fear
23430,fear
23452,angry
23471,fear
23483,happy
23507,happy
23542,happy
23549,neutral
23562,neutral
23584,sad
23601,angry
23654,happy
23658,neutral
2367,happy
23675,happy
23700,happy
23715,neutral
23748,neutral
23760,neutral
23764,happy
23779,neutral
23781,happy
23792,angry
23817,sad
23829,neutral
23832,happy
23853,neutral
23884,angry
23901,fear
23905,neutral
23915,happy
23945,angry
23948,neutral
23965,angry
23968,happy
23978,happy
23991,happy
24013,happy
24057,sad
24066,angry
24087,fear
2412,neutral
24133,neutral
24160,happy
24168,happy
24173,happy
2418,angry
24183,happy
24217,fear
24239,angry
24247,fear
2431,happy
24329,happy
24363,angry
24384,happy
24420,angry
24421,angry
24460,happy
24473,neutral
2451,neutral
24543,fear
24545,fear
24582,neutral
24643,happy
24664,fear
24736,neutral
2476,happy
2478,fear
2485,happy
24881,fear
24909,angry
24916,fear
2496,angry
2499,neutral
2502,neutral
25025,happy
25055,fear
25087,neutral
25117,fear
25126,angry
25211,neutral
25231,happy
25240,fear
25250,neutral
25281,neutral
2530,neutral
2533,angry
25330,angry
25348,sad
25351,neutral
25356,neutral
25379,happy
25381,angry
2539,fear
25410,fear
25412,disgust
25425,happy
2546,neutral
25510,neutral
25529,neutral
25576,angry
25582,angry
25597,happy
25632,neutral
25643,neutral
2565,fear
25819,neutral
25832,happy
25843,fear
25920,neutral
25961,neutral
25983,neutral
25985,sad
26005,fear
26006,happy
26040,neutral
26079,angry
2615,neutral
26198,neutral
26249,angry
26269,angry
26270,angry
26292,neutral
26304,happy
26313,neutral
26321,neutral
2633,angry
26339,angry
26346,sad
2635,neutral
26355,fear
26368,happy
26378,neutral
26398,angry
26404,angry
26443,happy
26484,happy
26501,angry
26543,angry
26566,neutral
26573,happy
26581,neutral
26586,angry
26600,happy
26612,fear
26670,neutral
26675,happy
26683,neutral
26702,fear
26747,neutral
26772,angry
26834,happy
2690,neutral
26959,happy
26970,happy
27005,angry
27027,fear
27035,neutral
27052,happy
27117,neutral
27124,sad
27258,happy
27292,happy
27305,angry
27350,happy
27400,fear
27410,happy
27450,happy
27461,fear
27471,happy
2748,neutral
2751,happy
27518,sad
27522,neutral
27561,neutral
27562,neutral
27576,happy
27585,fear
27588,happy
27629,happy
27681,happy
27694,happy
27719,sad
27759,happy
27776,angry
27788,happy
27810,fear
2785,neutral
27873,happy
2788,happy
27887,fear
27913,neutral
27948,neutral
27993,happy
28053,happy
28073,happy
28091,sad
28100,happy
28137,happy
28143,fear
28171,happy
28230,sad
28252,fear
28272,neutral
28294,neutral
28296,angry
28396,neutral
28424,neutral
28426,happy
28465,sad
28552,neutral
28555,neutral
28568,happy
28596,angry
28696,happy
28700,fear
28794,happy
28895,angry
28966,happy
2902,neutral
29058,neutral
29082,angry
29112,angry
29121,fear
29150,angry
29194,angry
29226,neutral
29243,neutral
29295,neutral
29298,neutral
29305,neutral
29318,neutral
29322,neutral
2934,fear
29379,neutral
29383,fear
2945,happy
2950,happy
29529,happy
29553,happy
29561,fear
29580,happy
29585,happy
29617,angry
29622,sad
29627,fear
29628,happy
29632,angry
29652,neutral
29692,neutral
29703,neutral
29756,angry
29757,happy
29792,neutral
29819,fear
29835,happy
29875,neutral
29897,angry
29936,neutral
29937,happy
29941,sad
29970,angry
29973,neutral
29998,happy
30001,happy
30035,sad
30045,neutral
30056,neutral
3007,neutral
30080,happy
30094,happy
30104,happy
30118,happy
3012,angry
30144,angry
30170,happy
30181,happy
30219,neutral
30251,neutral
30274,angry
30289,neutral
30292,angry
30326,happy
30331,neutral
30358,neutral
30377,happy
30410,neutral
30439,angry
30440,happy
30462,neutral
30541,neutral
30552,happy
3056,angry
30565,sad
3059,happy
30611,angry
3075,angry
30763,angry
30789,happy
30817,happy
30818,angry
30853,happy
30867,happy
3088,fear
3094,angry
31009,angry
31068,fear
31072,neutral
31099,happy
31104,happy
31113,fear
31149,fear
3118,angry
312,happy
31248,angry
31265,sad
31328,neutral
31367,neutral
3139,angry
31390,happy
31409,fear
31424,happy
31506,angry
31510,neutral
31527,neutral
31534,neutral
31634,happy
31643,fear
31653,neutral
31663,angry
31665,fear
31669,happy
3169,angry
31712,happy
31720,happy
31836,angry
31857,neutral
3187,happy
32005,neutral
32029,happy
3206,fear
32139,sad
32175,happy
32183,fear
32189,happy
32202,happy
32268,neutral
32296,angry
32297,angry
3235,happy
32383,sad
32394,neutral
32422,fear
32565,neutral
32580,happy
32582,fear
32613,angry
3263,neutral
32711,neutral
32744,neutral
32768,happy
32814,happy
32818,angry
32836,happy
32843,neutral
32859,angry
32861,angry
32898,angry
32903,angry
32911,neutral
32932,happy
32982,fear
33089,neutral
33152,happy
33213,neutral
33227,happy
33247,happy
33276,happy
33295,neutral
33302,sad
33331,angry
33371,angry
33373,happy
33421,fear
33492,fear
33516,happy
33523,angry
33538,neutral
33628,happy
33636,neutral
33640,angry
33686,happy
33691,angry
33693,happy
33736,happy
33747,angry
3378,happy
33780,neutral
33786,fear
3382,neutral
33820,fear
33936,angry
33962,fear
33988,fear
3403,happy
34070,happy
34121,fear
34176,angry
34195,angry
34205,neutral
34242,angry
34250,happy
3433,happy
34387,neutral
34408,angry
34413,happy
34427,fear
34477,neutral
34509,angry
34533,angry
34605,angry
34610,neutral
34629,happy
34633,neutral
34679,fear
34694,sad
3477,angry
34788,happy
34798,happy
34799,happy
34820,angry
34827,angry
34905,fear
34913,angry
34917,angry
3492,fear
34945,neutral
34985,neutral
34988,fear
34991,happy
350,happy
35030,happy
35039,neutral
35043,happy
35058,happy
3506,sad
3508,neutral
35116,neutral
35131,neutral
35148,happy
3518,fear
35192,neutral
35214,happy
35297,fear
35318,happy
35375,fear
35386,happy
35411,neutral
3546,neutral
35528,fear
35567,happy
35605,neutral
35615,fear
35639,sad
35691,angry
35737,neutral
35768,neutral
35812,happy
35873,happy
359,neutral
3634,fear
3653,angry
3661,fear
3731,sad
3767,neutral
3825,happy
3855,angry
3869,happy
3922,happy
3951,happy
3972,angry
3988,angry
4130,neutral
4207,happy
422,neutral
4233,happy
4274,neutral
4381,neutral
4389,happy
4412,neutral
4415,angry
4441,neutral
4482,neutral
4534,happy
4572,happy
4594,happy
4596,fear
4615,neutral
4624,neutral
4697,neutral
4714,sad
4734,happy
4736,neutral
4764,fear
4771,neutral
4811,angry
4860,angry
4940,angry
4951,happy
4958,fear
4987,neutral
5004,happy
505,happy
5055,neutral
5056,neutral
5058,fear
5061,happy
5100,neutral
5101,fear
5107,neutral
5147,happy
5166,neutral
5177,happy
5224,happy
5229,neutral
5374,angry
5435,happy
5466,fear
5560,sad
5629,happy
5642,neutral
5689,happy
5710,neutral
580,happy
5836,neutral
5910,angry
5995,happy
6025,neutral
6033,fear
6109,angry
6137,fear
6149,neutral
6187,happy
6215,angry
6265,happy
6304,neutral
6312,fear
6353,happy
6400,angry
6449,happy
6459,neutral
6467,angry
6492,happy
6521,angry
6529,happy
6551,happy
6557,fear
6563,angry
6645,neutral
6660,happy
6720,angry
6735,happy
6771,angry
680,happy
6833,angry
6860,neutral
688,angry
6897,happy
6901,neutral
6904,fear
6915,happy
6930,angry
6957,neutral
6960,happy
6964,happy
70,neutral
7030,happy
7037,angry
7039,fear
7119,neutral
7121,angry
7165,angry
7232,happy
7253,happy
7268,happy
7275,angry
7287,neutral
7301,happy
7337,angry
7371,angry
7400,happy
7406,happy
7430,happy
7475,angry
7502,happy
7536,neutral
7566,happy
7569,happy
761,fear
7618,angry
7623,fear
7675,neutral
7679,angry
7724,happy
7776,neutral
7806,happy
7848,happy
7877,neutral
7878,neutral
7943,neutral
7962,happy
7963,neutral
7976,neutral
798,happy
800,happy
8039,neutral
8056,angry
8098,angry
8099,angry
8102,sad
8146,angry
8164,neutral
8197,angry
8203,neutral
822,neutral
8223,happy
8238,sad
8252,happy
8266,angry
8333,happy
8390,angry
8430,neutral
8525,happy
8580,angry
8614,fear
8639,neutral
8659,neutral
8702,happy
8718,happy
8738,neutral
8761,fear
8814,happy
8834,happy
8851,fear
8876,angry
8892,sad
8925,happy
8953,angry
8955,happy
8958,happy
9006,happy
9028,happy
9066,neutral
9073,fear
9082,happy
9087,happy
9119,happy
9142,fear
9171,angry
9219,sad
922,angry
9238,fear
9267,angry
9327,angry
9338,happy
9387,happy
9405,happy
9454,angry
9457,angry
9459,neutral
9463,angry
9465,happy
9498,happy
9508,neutral
9548,angry
9689,angry
9693,neutral
9713,angry
9769,neutral
977,neutral
98,fear
9841,angry
9864,neutral
987,neutral
9885,fear
9889,neutral
9923,angry
10056,happy
10097,happy
10162,angry
10185,happy
10246,happy
10259,sad
10268,happy
10306,happy
1033,neutral
10365,angry
10372,happy
10444,happy
10545,angry
10625,fear
10701,neutral
10734,angry
10755,fear
10768,angry
10800,fear
10813,neutral
10820,angry
10837,angry
10866,happy
10909,angry
10931,happy
10950,happy
11000,angry
11043,angry
1107,happy
11126,neutral
11139,sad
1118,angry
11302,fear
11414,neutral
11418,happy
11429,neutral
11451,neutral
11466,angry
11589,angry
11670,neutral
11721,happy
1176,sad
11786,fear
11848,happy
11865,neutral
11902,angry
12086,fear
12107,fear
12131,sad
12134,angry
12312,angry
12320,neutral
12338,happy
1239,happy
12463,neutral
12470,angry
1249,angry
12504,fear
12529,happy
12551,fear
12567,neutral
12626,happy
12684,angry
12723,happy
12748,angry
12768,neutral
12903,angry
12924,happy
12960,fear
12973,sad
13009,angry
13080,sad
13101,neutral
13145,happy
13169,happy
13203,happy
13205,happy
13230,angry
13288,happy
13460,happy
13521,happy
13622,happy
13684,fear
13740,neutral
1376,angry
13837,neutral
13876,neutral
14080,fear
14091,angry
14115,fear
14305,neutral
14331,neutral
14375,angry
1449,fear
1457,happy
14647,neutral
14691,neutral
14697,angry
14798,happy
14914,fear
14927,angry
14968,angry
15008,neutral
15034,neutral
15037,happy
15047,happy
15101,happy
1515,neutral
15179,happy
15238,happy
15244,fear
15263,neutral
15354,angry
15378,sad
15383,happy
15416,neutral
15454,angry
15467,happy
15486,neutral
15487,angry
15518,neutral
15524,sad
15527,fear
15533,happy
15628,angry
15635,happy
15788,neutral
15802,fear
1583,happy
15922,neutral
15944,angry
16110,angry
16133,angry
16172,fear
16229,angry
16237,fear
16280,angry
16396,happy
16415,angry
16441,angry
16507,happy
16530,angry
16646,neutral
16666,fear
16721,fear
16756,happy
16774,fear
16829,fear
16886,neutral
16901,neutral
16947,angry
16959,angry
16980,neutral
16995,happy
17016,angry
17019,happy
17027,angry
17044,happy
1710,happy
17137,happy
17148,angry
17157,fear
17161,happy
17177,happy
17205,happy
17245,fear
17290,happy
17309,happy
1735,happy
17350,neutral
17422,happy
17429,neutral
17433,happy
1750,happy
176,neutral
17610,fear
1764,happy
17693,angry
17845,neutral
17906,angry
17919,happy
17952,fear
1800,fear
18026,angry
18038,happy
18132,happy
18198,angry
18285,angry
18313,angry
18393,happy
18436,neutral
18521,neutral
18555,happy
18577,fear
18613,happy
18615,happy
18619,neutral
18631,neutral
1864,neutral
18678,fear
18706,neutral
18742,happy
18862,happy
18864,neutral
19051,angry
1911,sad
1914,sad
19142,neutral
19177,neutral
19187,sad
19267,angry
19314,angry
19362,happy
19389,happy
19431,angry
1945,disgust
1952,fear
19594,neutral
19601,happy
19650,angry
19665,happy
19720,happy
19755,fear
19795,fear
1992,happy
19972,neutral
20041,angry
20146,fear
20148,neutral
20162,happy
20167,neutral
20262,neutral
20293,neutral
20369,happy
20373,happy
20387,happy
20407,neutral
20467,neutral
20573,fear
20584,neutral
20594,angry
20664,fear
20691,neutral
20786,happy
20855,happy
20882,happy
2090,happy
20935,happy
20947,fear
20967,angry
20989,neutral
21044,neutral
21072,angry
21074,neutral
2114,angry
21148,angry
21151,angry
21153,angry
21154,neutral
2119,happy
21217,neutral
21233,happy
21239,fear
21299,happy
21417,neutral
2146,happy
21461,angry
21468,happy
21545,angry
21570,sad
21578,happy
21587,neutral
2168,neutral
2173,fear
21807,fear
21824,happy
21834,happy
21887,happy
21896,neutral
21906,neutral
2195,neutral
21973,neutral
21987,angry
2200,fear
22019,neutral
22025,neutral
22128,neutral
22131,fear
22278,fear
2228,happy
22305,angry
22322,neutral
2234,neutral
22372,happy
22497,happy
22509,happy
22525,neutral
22666,happy
22741,fear
22771,fear
22864,happy
22921,happy
23053,happy
23151,happy
23155,neutral
23328,happy
23346,happy
23386,angry
23413,happy
23433,fear
23661,angry
23662,happy
23739,sad
23747,happy
23751,fear
23885,happy
23893,happy
23917,neutral
23941,neutral
23943,happy
23949,fear
24022,neutral
24031,neutral
24046,fear
24050,angry
24143,fear
24163,happy
24167,happy
24174,neutral
24179,happy
24201,happy
24291,sad
24404,sad
24411,happy
24415,neutral
24432,neutral
24433,fear
2448,happy
24557,neutral
2461,angry
24646,happy
24668,fear
24756,fear
24893,happy
24904,sad
24921,fear
25010,fear
25036,happy
25044,happy
25107,neutral
25143,neutral
25188,happy
25229,happy
25234,happy
25280,happy
2529,neutral
25319,neutral
25390,neutral
25397,angry
25402,angry
25416,neutral
25492,angry
25539,angry
25563,fear
25571,angry
256,happy
25610,neutral
25636,fear
25674,neutral
25687,angry
25709,neutral
25742,neutral
25781,happy
25808,neutral
25906,angry
25959,angry
26076,neutral
26087,fear
26101,neutral
26102,happy
26133,neutral
2619,happy
26243,fear
2634,angry
26452,angry
26455,fear
26483,neutral
26487,happy
26500,angry
26556,neutral
26626,sad
26708,happy
26800,happy
26825,neutral
26907,neutral
26910,neutral
26914,happy
26944,angry
27025,neutral
27039,angry
27070,angry
27125,angry
27165,neutral
27174,neutral
27193,neutral
27240,neutral
27270,fear
27273,angry
27321,angry
27325,neutral
27328,neutral
2744,neutral
27566,angry
27577,happy
2758,happy
27586,neutral
2759,neutral
276,neutral
27696,neutral
27737,happy
27756,angry
27774,neutral
27803,happy
27916,happy
27919,neutral
27926,neutral
27933,angry
27973,fear
27979,neutral
2803,happy
28076,neutral
28082,happy
28130,happy
28182,fear
28219,neutral
28236,happy
28287,neutral
28328,happy
28335,happy
28342,happy
2835,happy
2837,neutral
28370,happy
28421,sad
28441,angry
28448,angry
28476,neutral
28482,angry
28501,happy
28525,happy
28639,happy
28653,happy
28666,angry
28667,fear
28727,happy
28803,happy
2886,happy
28864,happy
28901,happy
29038,angry
29110,neutral
29118,angry
29164,neutral
29205,neutral
29225,neutral
29276,neutral
29283,neutral
29354,neutral
2949,neutral
29515,neutral
29516,neutral
29537,sad
29540,angry
29542,fear
29551,happy
29557,disgust
2956,angry
29568,fear
29618,happy
29619,fear
29677,happy
29690,angry
29796,happy
29797,neutral
29803,happy
29884,fear
29954,happy
3002,happy
30173,fear
30174,fear
30184,neutral
30190,happy
30336,fear
30537,neutral
30620,neutral
30625,happy
30628,fear
30714,happy
30726,fear
30811,neutral
3084,sad
30943,angry
30989,happy
31005,happy
31054,neutral
31097,neutral
31102,fear
31194,happy
31198,neutral
31206,angry
31223,happy
31353,angry
31364,happy
31533,sad
31563,sad
3157,angry
31631,happy
31662,happy
31775,neutral
31781,happy
31784,happy
31799,angry
31814,happy
31826,happy
31872,angry
31882,neutral
31899,happy
31953,fear
31961,neutral
32069,happy
32132,angry
32165,happy
32179,fear
3223,neutral
3224,fear
32243,happy
32308,happy
32315,happy
32324,angry
32334,happy
32365,neutral
32395,happy
32405,neutral
32420,neutral
32432,fear
32510,happy
32530,happy
32630,neutral
32695,neutral
32727,sad
32734,angry
32753,neutral
32756,neutral
32894,neutral
32968,happy
32979,angry
330,neutral
33039,neutral
33055,neutral
33072,angry
33079,happy
33147,neutral
33180,fear
33290,happy
33316,neutral
33329,angry
33364,happy
33376,angry
33378,neutral
33405,happy
33411,angry
3354,sad
336,happy
33667,neutral
33677,angry
33745,sad
33759,angry
33789,angry
33800,neutral
33879,fear
3392,sad
33993,disgust
33997,neutral
34004,happy
34034,happy
34039,neutral
34072,happy
34087,fear
34134,neutral
34162,angry
34212,neutral
3423,happy
34237,angry
34252,fear
34288,neutral
34385,neutral
34400,neutral
34416,fear
34439,angry
3445,neutral
34546,neutral
34557,angry
34664,angry
34674,angry
34722,happy
34787,angry
34813,happy
34844,happy
34904,neutral
34926,neutral
34984,happy
34986,happy
35049,neutral
35063,angry
35083,happy
35084,neutral
35118,happy
35121,neutral
35144,happy
35154,angry
35156,happy
35194,angry
35201,neutral
35212,happy
35237,angry
35276,fear
35355,happy
35384,happy
35387,angry
35399,happy
35511,happy
35524,happy
35530,fear
35608,fear
35644,happy
35684,neutral
35688,angry
35757,happy
35790,neutral
35823,happy
35833,happy
35857,neutral
35872,happy
3603,happy
3607,angry
3635,happy
3675,happy
3691,neutral
3756,neutral
3765,neutral
3858,fear
3874,neutral
3878,angry
3925,neutral
4036,fear
4072,angry
4076,happy
4080,angry
4086,happy
413,fear
4199,angry
4243,angry
4289,neutral
4347,neutral
435,fear
4352,neutral
438,fear
4390,fear
4431,happy
4486,happy
4513,angry
4536,happy
4570,neutral
4621,neutral
4636,neutral
4657,neutral
4685,happy
4698,fear
4793,fear
4895,happy
4912,happy
5037,angry
5077,fear
51,angry
5138,happy
5178,fear
518,happy
5310,angry
5375,angry
5419,happy
5450,happy
5513,happy
5530,neutral
5595,happy
5636,happy
5664,angry
5706,neutral
5771,sad
5778,fear
5855,neutral
5893,happy
5938,sad
5943,neutral
5997,angry
6046,neutral
6050,neutral
6167,angry
6184,happy
6216,neutral
6219,happy
6247,angry
6309,fear
6360,fear
6410,neutral
6415,happy
6425,neutral
6427,happy
647,happy
6518,fear
6598,angry
6647,neutral
670,fear
6711,fear
6716,neutral
675,neutral
6797,happy
6877,happy
692,angry
6966,happy
7024,angry
7032,happy
7153,fear
7203,neutral
7211,angry
726,fear
7459,neutral
7512,neutral
7562,angry
7582,fear
759,happy
7626,happy
7761,happy
7774,angry
78,neutral
783,neutral
7865,neutral
7874,neutral
788,angry
7926,happy
7957,happy
8016,neutral
8021,neutral
8042,angry
8063,neutral
8115,happy
8137,angry
8143,neutral
8173,happy
8240,neutral
8309,happy
8329,angry
8404,neutral
8421,fear
843,neutral
8439,fear
8478,happy
8489,neutral
867,happy
8736,happy
8837,sad
8928,angry
8973,neutral
9017,happy
9021,happy
9118,fear
9141,angry
9162,neutral
9309,happy
9367,happy
9380,fear
9450,happy
9467,fear
947,happy
9499,angry
9541,neutral
9546,angry
9560,angry
9630,fear
9644,neutral
9681,sad
9776,neutral
9786,happy
9806,happy
9830,happy
9853,angry
9878,happy
993,happy
